Condition,Image_ID,Rep,Construct,Tagging,GeneID,Species,Gene,Dup_position,Pos,Species_position
MTX,d000263_300_001,1,pKB11,C,1,S.bayanusvar.uvarum,Suva_16.102,DupA,A,S.bayanusvar.uvarum(A)
MTX,d000263_300_002,1,pKB11,C,2,K.africana,KAFR0K00320,DupA,A,Z.rouxii(Anc)
MTX,d000263_300_003,1,pKB11,C,3,T.blattae,TBLA0A02040,DupA,A,N.dairenensis(A)
MTX,d000263_300_004,1,pKB11,C,4,S.kudriavzevii,Skud_16.75,DupA,A,K.africana(A)
MTX,d000263_300_005,1,pKB11,C,5,K.africana,KAFR0C02290,DupB,B,C.glabrata(B)
MTX,d000263_300_006,1,pKB11,C,6,T.blattae,TBLA0B05310,DupB,B,T.phaffii(B)
MTX,d000263_300_007,1,pKB11,C,7,S.mikatae,Smik_6.409,DupA,A,T.blattae(A)
MTX,d000263_300_008,1,pKB11,C,8,K.naganishii,KNAG0D01130,DupA,A,K.naganishii(B)
MTX,d000263_300_009,1,pKB11,C,9,Z.rouxii,ZYRO0G08866g,Anc,Anc,N.dairenensis(B)
MTX,d000263_300_010,1,pKB11,C,10,C.glabrata,CAGL0H03553g,DupB,B,S.kudriavzevii(A)
MTX,d000263_300_011,1,pKB11,C,11,K.naganishii,KNAG0F01980,DupB,B,T.delbrueckii(Anc)
MTX,d000263_300_012,1,pKB11,C,12,T.delbrueckii,TDEL0E05230,Anc,Anc,T.phaffii(A)
MTX,d000263_300_013,1,pKB11,C,13,N.castellii,NCAS0A01090,DupA,A,K.africana(B)
MTX,d000263_300_014,1,pKB11,C,14,V.polyspora,Kpol_1002.53,DupA,A,N.castellii(A)
MTX,d000263_300_015,1,pKB11,C,15,N.castellii,NCAS0D03820,DupB,B,T.blattae(B)
MTX,d000263_300_016,1,pKB11,C,16,V.polyspora,Kpol_1033.51,DupB,B,V.polyspora(A)
MTX,d000263_300_017,1,pKB11,C,17,N.dairenensis,NDAI0F01640,DupA,A,S.mikatae(A)
MTX,d000263_300_018,1,pKB11,C,18,T.phaffii,TPHA0J02370,DupB,B,N.castellii(B)
MTX,d000263_300_019,1,pKB11,C,19,N.dairenensis,NDAI0I01070,DupB,B,K.naganishii(A)
MTX,d000263_300_020,1,pKB11,C,20,T.phaffii,TPHA0E02830,DupA,A,V.polyspora(B)
MTX,d000263_300_021,1,pKB11,C,21,H. sapiens,CSNK1E,,,H. sapiens(CSNK1E)
MTX,d000263_300_022,1,pKB11,C,22,H. sapiens,CSNK1A1,,,H. sapiens(CSNK1A1)
MTX,d000263_300_023,1,pKB11,C,23,H. sapiens,CSNK1D,,,H. sapiens(CSNK1D)
MTX,d000263_300_024,1,pKB11,C,24,H. sapiens,CSNK1A1L,,,H. sapiens(CSNK1A1L)
MTX,d000263_300_025,1,pKB11,C,25,S.cerevisiae,YPL204W,DupA,A,S.cerevisiae(A)
MTX,d000263_300_026,1,pKB11,C,26,Vehicle,Vehicle,,,Vehicle
Diploid,IMG_00049,1,pKB11,C,1,S.bayanusvar.uvarum,Suva_16.102,DupA,A,S.bayanusvar.uvarum(A)
Diploid,IMG_00050,1,pKB11,C,2,K.africana,KAFR0K00320,DupA,A,Z.rouxii(Anc)
Diploid,IMG_00051,1,pKB11,C,3,T.blattae,TBLA0A02040,DupA,A,N.dairenensis(A)
Diploid,IMG_00052,1,pKB11,C,4,S.kudriavzevii,Skud_16.75,DupA,A,K.africana(A)
Diploid,IMG_00053,1,pKB11,C,5,K.africana,KAFR0C02290,DupB,B,C.glabrata(B)
Diploid,IMG_00054,1,pKB11,C,6,T.blattae,TBLA0B05310,DupB,B,T.phaffii(B)
Diploid,IMG_00055,1,pKB11,C,7,S.mikatae,Smik_6.409,DupA,A,T.blattae(A)
Diploid,IMG_00056,1,pKB11,C,8,K.naganishii,KNAG0D01130,DupA,A,K.naganishii(B)
Diploid,IMG_00057,1,pKB11,C,9,Z.rouxii,ZYRO0G08866g,Anc,Anc,N.dairenensis(B)
Diploid,IMG_00058,1,pKB11,C,10,C.glabrata,CAGL0H03553g,DupB,B,S.kudriavzevii(A)
Diploid,IMG_00059,1,pKB11,C,11,K.naganishii,KNAG0F01980,DupB,B,T.delbrueckii(Anc)
Diploid,IMG_00060,1,pKB11,C,12,T.delbrueckii,TDEL0E05230,Anc,Anc,T.phaffii(A)
Diploid,IMG_00061,1,pKB11,C,13,N.castellii,NCAS0A01090,DupA,A,K.africana(B)
Diploid,IMG_00062,1,pKB11,C,14,V.polyspora,Kpol_1002.53,DupA,A,N.castellii(A)
Diploid,IMG_00063,1,pKB11,C,15,N.castellii,NCAS0D03820,DupB,B,T.blattae(B)
Diploid,IMG_00064,1,pKB11,C,16,V.polyspora,Kpol_1033.51,DupB,B,V.polyspora(A)
Diploid,IMG_00065,1,pKB11,C,17,N.dairenensis,NDAI0F01640,DupA,A,S.mikatae(A)
Diploid,IMG_00066,1,pKB11,C,18,T.phaffii,TPHA0J02370,DupB,B,N.castellii(B)
Diploid,IMG_00067,1,pKB11,C,19,N.dairenensis,NDAI0I01070,DupB,B,K.naganishii(A)
Diploid,IMG_00068,1,pKB11,C,20,T.phaffii,TPHA0E02830,DupA,A,V.polyspora(B)
Diploid,IMG_00069,1,pKB11,C,21,H. sapiens,CSNK1E,,,H. sapiens(CSNK1E)
Diploid,IMG_00070,1,pKB11,C,22,H. sapiens,CSNK1A1,,,H. sapiens(CSNK1A1)
Diploid,IMG_00071,1,pKB11,C,23,H. sapiens,CSNK1D,,,H. sapiens(CSNK1D)
Diploid,IMG_00072,1,pKB11,C,24,H. sapiens,CSNK1A1L,,,H. sapiens(CSNK1A1L)
Diploid,IMG_00073,1,pKB11,C,25,S.cerevisiae,YPL204W,DupA,A,S.cerevisiae(A)
Diploid,IMG_00074,1,pKB11,C,26,Vehicle,Vehicle,,,Vehicle
Diploid,IMG_00101,2,pKB11,C,1,S.bayanusvar.uvarum,Suva_16.102,DupA,A,S.bayanusvar.uvarum(A)
Diploid,IMG_00102,2,pKB11,C,2,K.africana,KAFR0K00320,DupA,A,Z.rouxii(Anc)
Diploid,IMG_00103,2,pKB11,C,3,T.blattae,TBLA0A02040,DupA,A,N.dairenensis(A)
Diploid,IMG_00104,2,pKB11,C,4,S.kudriavzevii,Skud_16.75,DupA,A,K.africana(A)
Diploid,IMG_00105,2,pKB11,C,5,K.africana,KAFR0C02290,DupB,B,C.glabrata(B)
Diploid,IMG_00106,2,pKB11,C,6,T.blattae,TBLA0B05310,DupB,B,T.phaffii(B)
Diploid,IMG_00107,2,pKB11,C,7,S.mikatae,Smik_6.409,DupA,A,T.blattae(A)
Diploid,IMG_00108,2,pKB11,C,8,K.naganishii,KNAG0D01130,DupA,A,K.naganishii(B)
Diploid,IMG_00109,2,pKB11,C,9,Z.rouxii,ZYRO0G08866g,Anc,Anc,N.dairenensis(B)
Diploid,IMG_00110,2,pKB11,C,10,C.glabrata,CAGL0H03553g,DupB,B,S.kudriavzevii(A)
Diploid,IMG_00111,2,pKB11,C,11,K.naganishii,KNAG0F01980,DupB,B,T.delbrueckii(Anc)
Diploid,IMG_00112,2,pKB11,C,12,T.delbrueckii,TDEL0E05230,Anc,Anc,T.phaffii(A)
Diploid,IMG_00113,2,pKB11,C,13,N.castellii,NCAS0A01090,DupA,A,K.africana(B)
Diploid,IMG_00114,2,pKB11,C,14,V.polyspora,Kpol_1002.53,DupA,A,N.castellii(A)
Diploid,IMG_00115,2,pKB11,C,15,N.castellii,NCAS0D03820,DupB,B,T.blattae(B)
Diploid,IMG_00116,2,pKB11,C,16,V.polyspora,Kpol_1033.51,DupB,B,V.polyspora(A)
Diploid,IMG_00117,2,pKB11,C,17,N.dairenensis,NDAI0F01640,DupA,A,S.mikatae(A)
Diploid,IMG_00118,2,pKB11,C,18,T.phaffii,TPHA0J02370,DupB,B,N.castellii(B)
Diploid,IMG_00119,2,pKB11,C,19,N.dairenensis,NDAI0I01070,DupB,B,K.naganishii(A)
Diploid,IMG_00120,2,pKB11,C,20,T.phaffii,TPHA0E02830,DupA,A,V.polyspora(B)
Diploid,IMG_00121,2,pKB11,C,21,H. sapiens,CSNK1E,,,H. sapiens(CSNK1E)
Diploid,IMG_00122,2,pKB11,C,22,H. sapiens,CSNK1A1,,,H. sapiens(CSNK1A1)
Diploid,IMG_00123,2,pKB11,C,23,H. sapiens,CSNK1D,,,H. sapiens(CSNK1D)
Diploid,IMG_00124,2,pKB11,C,24,H. sapiens,CSNK1A1L,,,H. sapiens(CSNK1A1L)
Diploid,IMG_00125,2,pKB11,C,25,S.cerevisiae,YPL204W,DupA,A,S.cerevisiae(A)
Diploid,IMG_00126,2,pKB11,C,26,Vehicle,Vehicle,,,Vehicle
MTX,d000263_300_053,2,pKB11,C,1,S.bayanusvar.uvarum,Suva_16.102,DupA,A,S.bayanusvar.uvarum(A)
MTX,d000263_300_054,2,pKB11,C,2,K.africana,KAFR0K00320,DupA,A,Z.rouxii(Anc)
MTX,d000263_300_055,2,pKB11,C,3,T.blattae,TBLA0A02040,DupA,A,N.dairenensis(A)
MTX,d000263_300_056,2,pKB11,C,4,S.kudriavzevii,Skud_16.75,DupA,A,K.africana(A)
MTX,d000263_300_057,2,pKB11,C,5,K.africana,KAFR0C02290,DupB,B,C.glabrata(B)
MTX,d000263_300_058,2,pKB11,C,6,T.blattae,TBLA0B05310,DupB,B,T.phaffii(B)
MTX,d000263_300_059,2,pKB11,C,7,S.mikatae,Smik_6.409,DupA,A,T.blattae(A)
MTX,d000263_300_060,2,pKB11,C,8,K.naganishii,KNAG0D01130,DupA,A,K.naganishii(B)
MTX,d000263_300_061,2,pKB11,C,9,Z.rouxii,ZYRO0G08866g,Anc,Anc,N.dairenensis(B)
MTX,d000263_300_062,2,pKB11,C,10,C.glabrata,CAGL0H03553g,DupB,B,S.kudriavzevii(A)
MTX,d000263_300_063,2,pKB11,C,11,K.naganishii,KNAG0F01980,DupB,B,T.delbrueckii(Anc)
MTX,d000263_300_064,2,pKB11,C,12,T.delbrueckii,TDEL0E05230,Anc,Anc,T.phaffii(A)
MTX,d000263_300_065,2,pKB11,C,13,N.castellii,NCAS0A01090,DupA,A,K.africana(B)
MTX,d000263_300_066,2,pKB11,C,14,V.polyspora,Kpol_1002.53,DupA,A,N.castellii(A)
MTX,d000263_300_067,2,pKB11,C,15,N.castellii,NCAS0D03820,DupB,B,T.blattae(B)
MTX,d000263_300_068,2,pKB11,C,16,V.polyspora,Kpol_1033.51,DupB,B,V.polyspora(A)
MTX,d000263_300_069,2,pKB11,C,17,N.dairenensis,NDAI0F01640,DupA,A,S.mikatae(A)
MTX,d000263_300_070,2,pKB11,C,18,T.phaffii,TPHA0J02370,DupB,B,N.castellii(B)
MTX,d000263_300_071,2,pKB11,C,19,N.dairenensis,NDAI0I01070,DupB,B,K.naganishii(A)
MTX,d000263_300_072,2,pKB11,C,20,T.phaffii,TPHA0E02830,DupA,A,V.polyspora(B)
MTX,d000263_300_073,2,pKB11,C,21,H. sapiens,CSNK1E,,,H. sapiens(CSNK1E)
MTX,d000263_300_074,2,pKB11,C,22,H. sapiens,CSNK1A1,,,H. sapiens(CSNK1A1)
MTX,d000263_300_075,2,pKB11,C,23,H. sapiens,CSNK1D,,,H. sapiens(CSNK1D)
MTX,d000263_300_076,2,pKB11,C,24,H. sapiens,CSNK1A1L,,,H. sapiens(CSNK1A1L)
MTX,d000263_300_077,2,pKB11,C,25,S.cerevisiae,YPL204W,DupA,A,S.cerevisiae(A)
MTX,d000263_300_078,2,pKB11,C,26,Vehicle,Vehicle,,,Vehicle