ArrayGene,QueryGene,Same?,mean,n,SD
C.glabrata (CAGL0H03553g),C.glabrata (CAGL0H03553g),1,0.824121011,11,0.029144492
C.glabrata (CAGL0H03553g),H. sapiens (CSNK1A1),0,0.867496575,11,0.033140695
C.glabrata (CAGL0H03553g),H. sapiens (CSNK1A1L),0,0.894039629,11,0.044020706
C.glabrata (CAGL0H03553g),H. sapiens (CSNK1D),0,0.908557458,11,0.05183176
C.glabrata (CAGL0H03553g),H. sapiens (CSNK1E),0,0.88448313,11,0.036414631
C.glabrata (CAGL0H03553g),K.africana (KAFR0C02290),0,0.908117717,11,0.027775942
C.glabrata (CAGL0H03553g),K.africana (KAFR0K00320),0,0.861345326,11,0.042911507
C.glabrata (CAGL0H03553g),K.naganishii (KNAG0D01130),0,0.898429313,11,0.063831567
C.glabrata (CAGL0H03553g),K.naganishii (KNAG0F01980),0,0.935807759,11,0.034234872
C.glabrata (CAGL0H03553g),N.castellii (NCAS0A01090),0,0.844451094,11,0.038891597
C.glabrata (CAGL0H03553g),N.castellii (NCAS0D03820),0,0.910786575,11,0.056379456
C.glabrata (CAGL0H03553g),N.dairenensis (NDAI0F01640),0,0.911574599,11,0.059808708
C.glabrata (CAGL0H03553g),N.dairenensis (NDAI0I01070),0,0.908194294,11,0.040632397
C.glabrata (CAGL0H03553g),S.bayanusvar.uvarum (Suva_16.102),0,0.840023969,11,0.02998027
C.glabrata (CAGL0H03553g),S.cerevisiae (YPL204W),0,0.902943455,154,0.063737834
C.glabrata (CAGL0H03553g),S.kudriavzevii (Skud_16.75),0,0.91719909,11,0.043524669
C.glabrata (CAGL0H03553g),S.mikatae (Smik_6.409),0,0.919645829,11,0.044596582
C.glabrata (CAGL0H03553g),T.blattae (TBLA0A02040),0,0.815256623,11,0.04981551
C.glabrata (CAGL0H03553g),T.blattae (TBLA0B05310),0,0.928239131,11,0.024751949
C.glabrata (CAGL0H03553g),T.delbrueckii (TDEL0E05230),0,0.922617524,11,0.040708645
C.glabrata (CAGL0H03553g),T.phaffii (TPHA0E02830),0,0.938237637,11,0.046074323
C.glabrata (CAGL0H03553g),T.phaffii (TPHA0J02370),0,0.905389052,11,0.056247491
C.glabrata (CAGL0H03553g),V.polyspora (Kpol_1002.53),0,0.911309692,11,0.050531294
C.glabrata (CAGL0H03553g),V.polyspora (Kpol_1033.51),0,0.843464986,11,0.029653608
C.glabrata (CAGL0H03553g),Vehicle (Empty),0,0.845313755,154,0.062427342
C.glabrata (CAGL0H03553g),Z.rouxii (ZYRO0G08866g),0,0.851264355,11,0.034037743
H. sapiens (CSNK1A1),C.glabrata (CAGL0H03553g),0,0.805406343,11,0.042665082
H. sapiens (CSNK1A1),H. sapiens (CSNK1A1),1,0.396588728,11,0.040212904
H. sapiens (CSNK1A1),H. sapiens (CSNK1A1L),0,0.425461176,11,0.035325295
H. sapiens (CSNK1A1),H. sapiens (CSNK1D),0,0.43084712,11,0.037591026
H. sapiens (CSNK1A1),H. sapiens (CSNK1E),0,0.41447939,11,0.033548926
H. sapiens (CSNK1A1),K.africana (KAFR0C02290),0,0.901731025,11,0.048916346
H. sapiens (CSNK1A1),K.africana (KAFR0K00320),0,0.845680645,11,0.030869208
H. sapiens (CSNK1A1),K.naganishii (KNAG0D01130),0,0.879849941,11,0.046877986
H. sapiens (CSNK1A1),K.naganishii (KNAG0F01980),0,0.946436847,11,0.024109012
H. sapiens (CSNK1A1),N.castellii (NCAS0A01090),0,0.383670944,11,0.053004318
H. sapiens (CSNK1A1),N.castellii (NCAS0D03820),0,0.918790913,11,0.035556616
H. sapiens (CSNK1A1),N.dairenensis (NDAI0F01640),0,0.512461119,11,0.061682027
H. sapiens (CSNK1A1),N.dairenensis (NDAI0I01070),0,0.904239441,11,0.053328225
H. sapiens (CSNK1A1),S.bayanusvar.uvarum (Suva_16.102),0,0.820231524,11,0.02912293
H. sapiens (CSNK1A1),S.cerevisiae (YPL204W),0,0.870171906,154,0.060706755
H. sapiens (CSNK1A1),S.kudriavzevii (Skud_16.75),0,0.883589519,11,0.043351743
H. sapiens (CSNK1A1),S.mikatae (Smik_6.409),0,0.88380996,11,0.049277012
H. sapiens (CSNK1A1),T.blattae (TBLA0A02040),0,0.363887746,11,0.025711051
H. sapiens (CSNK1A1),T.blattae (TBLA0B05310),0,0.92270361,11,0.032000715
H. sapiens (CSNK1A1),T.delbrueckii (TDEL0E05230),0,0.938083051,11,0.024995959
H. sapiens (CSNK1A1),T.phaffii (TPHA0E02830),0,0.945491331,11,0.038313094
H. sapiens (CSNK1A1),T.phaffii (TPHA0J02370),0,0.419971604,11,0.034649322
H. sapiens (CSNK1A1),V.polyspora (Kpol_1002.53),0,0.921123809,11,0.03601982
H. sapiens (CSNK1A1),V.polyspora (Kpol_1033.51),0,0.369909365,11,0.044676216
H. sapiens (CSNK1A1),Vehicle (Empty),0,0.391377923,154,0.047690684
H. sapiens (CSNK1A1),Z.rouxii (ZYRO0G08866g),0,0.830965751,11,0.034980863
H. sapiens (CSNK1A1L),C.glabrata (CAGL0H03553g),0,0.812547828,11,0.023885725
H. sapiens (CSNK1A1L),H. sapiens (CSNK1A1),0,0.413838103,11,0.029423591
H. sapiens (CSNK1A1L),H. sapiens (CSNK1A1L),1,0.444187664,11,0.023988124
H. sapiens (CSNK1A1L),H. sapiens (CSNK1D),0,0.441237161,11,0.022914111
H. sapiens (CSNK1A1L),H. sapiens (CSNK1E),0,0.423733667,11,0.031421259
H. sapiens (CSNK1A1L),K.africana (KAFR0C02290),0,0.899750383,11,0.023430321
H. sapiens (CSNK1A1L),K.africana (KAFR0K00320),0,0.848488322,11,0.044199602
H. sapiens (CSNK1A1L),K.naganishii (KNAG0D01130),0,0.857336821,11,0.043321229
H. sapiens (CSNK1A1L),K.naganishii (KNAG0F01980),0,0.932128775,11,0.04023079
H. sapiens (CSNK1A1L),N.castellii (NCAS0A01090),0,0.38866686,11,0.017474145
H. sapiens (CSNK1A1L),N.castellii (NCAS0D03820),0,0.907993165,11,0.043915765
H. sapiens (CSNK1A1L),N.dairenensis (NDAI0F01640),0,0.517031889,11,0.043544903
H. sapiens (CSNK1A1L),N.dairenensis (NDAI0I01070),0,0.914288547,11,0.05135601
H. sapiens (CSNK1A1L),S.bayanusvar.uvarum (Suva_16.102),0,0.812218635,11,0.041865299
H. sapiens (CSNK1A1L),S.cerevisiae (YPL204W),0,0.874968379,154,0.07095692
H. sapiens (CSNK1A1L),S.kudriavzevii (Skud_16.75),0,0.877268783,11,0.043444851
H. sapiens (CSNK1A1L),S.mikatae (Smik_6.409),0,0.89529417,11,0.046928288
H. sapiens (CSNK1A1L),T.blattae (TBLA0A02040),0,0.362857467,11,0.036248402
H. sapiens (CSNK1A1L),T.blattae (TBLA0B05310),0,0.929945697,11,0.049895152
H. sapiens (CSNK1A1L),T.delbrueckii (TDEL0E05230),0,0.927375589,11,0.025080957
H. sapiens (CSNK1A1L),T.phaffii (TPHA0E02830),0,0.949725949,11,0.045692677
H. sapiens (CSNK1A1L),T.phaffii (TPHA0J02370),0,0.43155729,11,0.033927132
H. sapiens (CSNK1A1L),V.polyspora (Kpol_1002.53),0,0.929370226,11,0.043209436
H. sapiens (CSNK1A1L),V.polyspora (Kpol_1033.51),0,0.367414023,11,0.043728952
H. sapiens (CSNK1A1L),Vehicle (Empty),0,0.400589516,154,0.041096848
H. sapiens (CSNK1A1L),Z.rouxii (ZYRO0G08866g),0,0.831535228,11,0.025189806
H. sapiens (CSNK1D),C.glabrata (CAGL0H03553g),0,0.792463768,11,0.048158352
H. sapiens (CSNK1D),H. sapiens (CSNK1A1),0,0.374674463,11,0.051040206
H. sapiens (CSNK1D),H. sapiens (CSNK1A1L),0,0.415011614,11,0.044883258
H. sapiens (CSNK1D),H. sapiens (CSNK1D),1,0.402495822,11,0.071289028
H. sapiens (CSNK1D),H. sapiens (CSNK1E),0,0.377522683,11,0.06297178
H. sapiens (CSNK1D),K.africana (KAFR0C02290),0,0.885864073,11,0.050283907
H. sapiens (CSNK1D),K.africana (KAFR0K00320),0,0.801961453,11,0.046936494
H. sapiens (CSNK1D),K.naganishii (KNAG0D01130),0,0.867711675,11,0.049079305
H. sapiens (CSNK1D),K.naganishii (KNAG0F01980),0,0.916057346,11,0.042842178
H. sapiens (CSNK1D),N.castellii (NCAS0A01090),0,0.370409479,11,0.067199094
H. sapiens (CSNK1D),N.castellii (NCAS0D03820),0,0.881841448,11,0.037030995
H. sapiens (CSNK1D),N.dairenensis (NDAI0F01640),0,0.473162765,11,0.09669505
H. sapiens (CSNK1D),N.dairenensis (NDAI0I01070),0,0.893808795,11,0.027923934
H. sapiens (CSNK1D),S.bayanusvar.uvarum (Suva_16.102),0,0.788810009,11,0.042296002
H. sapiens (CSNK1D),S.cerevisiae (YPL204W),0,0.853006888,154,0.079518895
H. sapiens (CSNK1D),S.kudriavzevii (Skud_16.75),0,0.878908233,11,0.066053714
H. sapiens (CSNK1D),S.mikatae (Smik_6.409),0,0.895345074,11,0.043548611
H. sapiens (CSNK1D),T.blattae (TBLA0A02040),0,0.34290183,11,0.062091517
H. sapiens (CSNK1D),T.blattae (TBLA0B05310),0,0.922102435,11,0.055982978
H. sapiens (CSNK1D),T.delbrueckii (TDEL0E05230),0,0.88290128,11,0.052294818
H. sapiens (CSNK1D),T.phaffii (TPHA0E02830),0,0.937249827,11,0.054717271
H. sapiens (CSNK1D),T.phaffii (TPHA0J02370),0,0.398250338,11,0.044972413
H. sapiens (CSNK1D),V.polyspora (Kpol_1002.53),0,0.912246813,11,0.05421375
H. sapiens (CSNK1D),V.polyspora (Kpol_1033.51),0,0.327786558,11,0.047064637
H. sapiens (CSNK1D),Vehicle (Empty),0,0.365510498,154,0.067696139
H. sapiens (CSNK1D),Z.rouxii (ZYRO0G08866g),0,0.817288844,11,0.039411762
H. sapiens (CSNK1E),C.glabrata (CAGL0H03553g),0,0.805031188,11,0.01788373
H. sapiens (CSNK1E),H. sapiens (CSNK1A1),0,0.385933415,11,0.049370694
H. sapiens (CSNK1E),H. sapiens (CSNK1A1L),0,0.414184471,11,0.060892006
H. sapiens (CSNK1E),H. sapiens (CSNK1D),0,0.397094784,11,0.090334626
H. sapiens (CSNK1E),H. sapiens (CSNK1E),1,0.384777264,11,0.079469394
H. sapiens (CSNK1E),K.africana (KAFR0C02290),0,0.912737764,11,0.040359473
H. sapiens (CSNK1E),K.africana (KAFR0K00320),0,0.82972086,11,0.037369972
H. sapiens (CSNK1E),K.naganishii (KNAG0D01130),0,0.879072526,11,0.02861986
H. sapiens (CSNK1E),K.naganishii (KNAG0F01980),0,0.924625599,11,0.033384445
H. sapiens (CSNK1E),N.castellii (NCAS0A01090),0,0.36591434,11,0.082745298
H. sapiens (CSNK1E),N.castellii (NCAS0D03820),0,0.922983216,11,0.061992257
H. sapiens (CSNK1E),N.dairenensis (NDAI0F01640),0,0.483606368,11,0.06238704
H. sapiens (CSNK1E),N.dairenensis (NDAI0I01070),0,0.904124988,11,0.032294697
H. sapiens (CSNK1E),S.bayanusvar.uvarum (Suva_16.102),0,0.799096003,11,0.026163434
H. sapiens (CSNK1E),S.cerevisiae (YPL204W),0,0.872636987,154,0.066573191
H. sapiens (CSNK1E),S.kudriavzevii (Skud_16.75),0,0.895613943,11,0.04589851
H. sapiens (CSNK1E),S.mikatae (Smik_6.409),0,0.899083663,11,0.029552558
H. sapiens (CSNK1E),T.blattae (TBLA0A02040),0,0.316320287,11,0.070192573
H. sapiens (CSNK1E),T.blattae (TBLA0B05310),0,0.935455472,11,0.078900913
H. sapiens (CSNK1E),T.delbrueckii (TDEL0E05230),0,0.929767861,11,0.03067166
H. sapiens (CSNK1E),T.phaffii (TPHA0E02830),0,0.944068533,11,0.025210951
H. sapiens (CSNK1E),T.phaffii (TPHA0J02370),0,0.400238668,11,0.070994932
H. sapiens (CSNK1E),V.polyspora (Kpol_1002.53),0,0.926894514,11,0.023624814
H. sapiens (CSNK1E),V.polyspora (Kpol_1033.51),0,0.357228594,11,0.067101466
H. sapiens (CSNK1E),Vehicle (Empty),0,0.376325846,154,0.066944615
H. sapiens (CSNK1E),Z.rouxii (ZYRO0G08866g),0,0.825028201,11,0.028269803
K.africana (KAFR0C02290),C.glabrata (CAGL0H03553g),0,0.852607644,11,0.037802025
K.africana (KAFR0C02290),H. sapiens (CSNK1A1),0,0.920428814,11,0.044772013
K.africana (KAFR0C02290),H. sapiens (CSNK1A1L),0,0.946767446,11,0.040187538
K.africana (KAFR0C02290),H. sapiens (CSNK1D),0,0.959726528,11,0.026690976
K.africana (KAFR0C02290),H. sapiens (CSNK1E),0,0.933104205,11,0.026585419
K.africana (KAFR0C02290),K.africana (KAFR0C02290),1,0.911559638,11,0.053373523
K.africana (KAFR0C02290),K.africana (KAFR0K00320),0,0.863787866,11,0.05594034
K.africana (KAFR0C02290),K.naganishii (KNAG0D01130),0,0.904024831,11,0.03870075
K.africana (KAFR0C02290),K.naganishii (KNAG0F01980),0,0.908536174,11,0.03514556
K.africana (KAFR0C02290),N.castellii (NCAS0A01090),0,0.881741394,11,0.020308112
K.africana (KAFR0C02290),N.castellii (NCAS0D03820),0,0.908827605,11,0.059351404
K.africana (KAFR0C02290),N.dairenensis (NDAI0F01640),0,0.951286914,11,0.035593175
K.africana (KAFR0C02290),N.dairenensis (NDAI0I01070),0,0.918951627,11,0.033014697
K.africana (KAFR0C02290),S.bayanusvar.uvarum (Suva_16.102),0,0.853269747,11,0.056518279
K.africana (KAFR0C02290),S.cerevisiae (YPL204W),0,0.919789323,154,0.072271505
K.africana (KAFR0C02290),S.kudriavzevii (Skud_16.75),0,0.92603987,11,0.059880652
K.africana (KAFR0C02290),S.mikatae (Smik_6.409),0,0.91138755,11,0.04112755
K.africana (KAFR0C02290),T.blattae (TBLA0A02040),0,0.869524086,11,0.051460163
K.africana (KAFR0C02290),T.blattae (TBLA0B05310),0,0.941109683,11,0.047318783
K.africana (KAFR0C02290),T.delbrueckii (TDEL0E05230),0,0.922928493,11,0.048400679
K.africana (KAFR0C02290),T.phaffii (TPHA0E02830),0,0.948513459,11,0.035868963
K.africana (KAFR0C02290),T.phaffii (TPHA0J02370),0,0.956619787,11,0.041048578
K.africana (KAFR0C02290),V.polyspora (Kpol_1002.53),0,0.926661385,11,0.037192653
K.africana (KAFR0C02290),V.polyspora (Kpol_1033.51),0,0.882550428,11,0.062124901
K.africana (KAFR0C02290),Vehicle (Empty),0,0.893712475,154,0.066623534
K.africana (KAFR0C02290),Z.rouxii (ZYRO0G08866g),0,0.839102346,11,0.032889942
K.africana (KAFR0K00320),C.glabrata (CAGL0H03553g),0,0.850951761,11,0.036147297
K.africana (KAFR0K00320),H. sapiens (CSNK1A1),0,0.912436883,11,0.047186745
K.africana (KAFR0K00320),H. sapiens (CSNK1A1L),0,0.928653573,11,0.055587379
K.africana (KAFR0K00320),H. sapiens (CSNK1D),0,0.934337196,11,0.043044934
K.africana (KAFR0K00320),H. sapiens (CSNK1E),0,0.911353664,11,0.039062421
K.africana (KAFR0K00320),K.africana (KAFR0C02290),0,0.921447005,11,0.020741368
K.africana (KAFR0K00320),K.africana (KAFR0K00320),1,0.849131167,11,0.047733912
K.africana (KAFR0K00320),K.naganishii (KNAG0D01130),0,0.92245321,11,0.049200303
K.africana (KAFR0K00320),K.naganishii (KNAG0F01980),0,0.960079075,11,0.043330881
K.africana (KAFR0K00320),N.castellii (NCAS0A01090),0,0.86933525,11,0.01374018
K.africana (KAFR0K00320),N.castellii (NCAS0D03820),0,0.907693185,11,0.045436404
K.africana (KAFR0K00320),N.dairenensis (NDAI0F01640),0,0.941561582,11,0.040494886
K.africana (KAFR0K00320),N.dairenensis (NDAI0I01070),0,0.93718385,11,0.034358455
K.africana (KAFR0K00320),S.bayanusvar.uvarum (Suva_16.102),0,0.838433653,11,0.027670082
K.africana (KAFR0K00320),S.cerevisiae (YPL204W),0,0.919610974,154,0.066859781
K.africana (KAFR0K00320),S.kudriavzevii (Skud_16.75),0,0.920752802,11,0.075329758
K.africana (KAFR0K00320),S.mikatae (Smik_6.409),0,0.933926264,11,0.048516862
K.africana (KAFR0K00320),T.blattae (TBLA0A02040),0,0.849790179,11,0.046657404
K.africana (KAFR0K00320),T.blattae (TBLA0B05310),0,0.934586629,11,0.047958844
K.africana (KAFR0K00320),T.delbrueckii (TDEL0E05230),0,0.932286442,11,0.048267548
K.africana (KAFR0K00320),T.phaffii (TPHA0E02830),0,0.94433057,11,0.048094682
K.africana (KAFR0K00320),T.phaffii (TPHA0J02370),0,0.946104289,11,0.042988015
K.africana (KAFR0K00320),V.polyspora (Kpol_1002.53),0,0.921445988,11,0.044717956
K.africana (KAFR0K00320),V.polyspora (Kpol_1033.51),0,0.870842352,11,0.044630381
K.africana (KAFR0K00320),Vehicle (Empty),0,0.886286484,154,0.063313007
K.africana (KAFR0K00320),Z.rouxii (ZYRO0G08866g),0,0.864222688,11,0.02066712
K.naganishii (KNAG0D01130),C.glabrata (CAGL0H03553g),0,0.832628714,11,0.033848405
K.naganishii (KNAG0D01130),H. sapiens (CSNK1A1),0,0.859551445,11,0.01998459
K.naganishii (KNAG0D01130),H. sapiens (CSNK1A1L),0,0.877600841,11,0.026141337
K.naganishii (KNAG0D01130),H. sapiens (CSNK1D),0,0.896879786,11,0.030707099
K.naganishii (KNAG0D01130),H. sapiens (CSNK1E),0,0.858816644,11,0.057263856
K.naganishii (KNAG0D01130),K.africana (KAFR0C02290),0,0.916564415,11,0.03353304
K.naganishii (KNAG0D01130),K.africana (KAFR0K00320),0,0.842069748,11,0.035561574
K.naganishii (KNAG0D01130),K.naganishii (KNAG0D01130),1,0.908487441,11,0.048012565
K.naganishii (KNAG0D01130),K.naganishii (KNAG0F01980),0,0.93819782,11,0.039065404
K.naganishii (KNAG0D01130),N.castellii (NCAS0A01090),0,0.826764743,11,0.030621246
K.naganishii (KNAG0D01130),N.castellii (NCAS0D03820),0,0.904912067,11,0.03106424
K.naganishii (KNAG0D01130),N.dairenensis (NDAI0F01640),0,0.87903918,11,0.037243183
K.naganishii (KNAG0D01130),N.dairenensis (NDAI0I01070),0,0.915236135,11,0.025686451
K.naganishii (KNAG0D01130),S.bayanusvar.uvarum (Suva_16.102),0,0.83490509,11,0.03214548
K.naganishii (KNAG0D01130),S.cerevisiae (YPL204W),0,0.905214033,154,0.061276604
K.naganishii (KNAG0D01130),S.kudriavzevii (Skud_16.75),0,0.927571384,11,0.046854317
K.naganishii (KNAG0D01130),S.mikatae (Smik_6.409),0,0.928531697,11,0.042966995
K.naganishii (KNAG0D01130),T.blattae (TBLA0A02040),0,0.802277631,11,0.034161882
K.naganishii (KNAG0D01130),T.blattae (TBLA0B05310),0,0.941672309,11,0.031542345
K.naganishii (KNAG0D01130),T.delbrueckii (TDEL0E05230),0,0.922956393,11,0.027495456
K.naganishii (KNAG0D01130),T.phaffii (TPHA0E02830),0,0.94154875,11,0.03299901
K.naganishii (KNAG0D01130),T.phaffii (TPHA0J02370),0,0.882470265,11,0.022353711
K.naganishii (KNAG0D01130),V.polyspora (Kpol_1002.53),0,0.911569606,11,0.033678418
K.naganishii (KNAG0D01130),V.polyspora (Kpol_1033.51),0,0.799320663,11,0.032960082
K.naganishii (KNAG0D01130),Vehicle (Empty),0,0.826781104,154,0.053893873
K.naganishii (KNAG0D01130),Z.rouxii (ZYRO0G08866g),0,0.845116057,11,0.033523384
K.naganishii (KNAG0F01980),C.glabrata (CAGL0H03553g),0,0.855338153,11,0.039078339
K.naganishii (KNAG0F01980),H. sapiens (CSNK1A1),0,0.934529098,11,0.0445994
K.naganishii (KNAG0F01980),H. sapiens (CSNK1A1L),0,0.98068698,11,0.057231072
K.naganishii (KNAG0F01980),H. sapiens (CSNK1D),0,0.964818622,11,0.032246834
K.naganishii (KNAG0F01980),H. sapiens (CSNK1E),0,0.943652726,11,0.041200626
K.naganishii (KNAG0F01980),K.africana (KAFR0C02290),0,0.926916685,11,0.045444772
K.naganishii (KNAG0F01980),K.africana (KAFR0K00320),0,0.865565558,11,0.057180588
K.naganishii (KNAG0F01980),K.naganishii (KNAG0D01130),0,0.917762022,11,0.05499587
K.naganishii (KNAG0F01980),K.naganishii (KNAG0F01980),1,0.930307812,11,0.033005995
K.naganishii (KNAG0F01980),N.castellii (NCAS0A01090),0,0.903252961,11,0.035426114
K.naganishii (KNAG0F01980),N.castellii (NCAS0D03820),0,0.929547119,11,0.055596278
K.naganishii (KNAG0F01980),N.dairenensis (NDAI0F01640),0,0.962023401,11,0.040781182
K.naganishii (KNAG0F01980),N.dairenensis (NDAI0I01070),0,0.926028706,11,0.029618409
K.naganishii (KNAG0F01980),S.bayanusvar.uvarum (Suva_16.102),0,0.850302816,11,0.043647069
K.naganishii (KNAG0F01980),S.cerevisiae (YPL204W),0,0.924262384,154,0.070302914
K.naganishii (KNAG0F01980),S.kudriavzevii (Skud_16.75),0,0.915974482,11,0.075676032
K.naganishii (KNAG0F01980),S.mikatae (Smik_6.409),0,0.940104017,11,0.041419773
K.naganishii (KNAG0F01980),T.blattae (TBLA0A02040),0,0.864224413,11,0.046744455
K.naganishii (KNAG0F01980),T.blattae (TBLA0B05310),0,0.949144201,11,0.048973513
K.naganishii (KNAG0F01980),T.delbrueckii (TDEL0E05230),0,0.927502543,11,0.045981977
K.naganishii (KNAG0F01980),T.phaffii (TPHA0E02830),0,0.953728636,11,0.037019605
K.naganishii (KNAG0F01980),T.phaffii (TPHA0J02370),0,0.977635433,11,0.043678849
K.naganishii (KNAG0F01980),V.polyspora (Kpol_1002.53),0,0.946959794,11,0.044371089
K.naganishii (KNAG0F01980),V.polyspora (Kpol_1033.51),0,0.889085425,11,0.059412622
K.naganishii (KNAG0F01980),Vehicle (Empty),0,0.908279481,154,0.067531409
K.naganishii (KNAG0F01980),Z.rouxii (ZYRO0G08866g),0,0.871995675,11,0.025535906
N.castellii (NCAS0A01090),C.glabrata (CAGL0H03553g),0,0.811265959,11,0.031220091
N.castellii (NCAS0A01090),H. sapiens (CSNK1A1),0,0.376680907,11,0.043693112
N.castellii (NCAS0A01090),H. sapiens (CSNK1A1L),0,0.402928702,11,0.048481787
N.castellii (NCAS0A01090),H. sapiens (CSNK1D),0,0.411847963,11,0.052222699
N.castellii (NCAS0A01090),H. sapiens (CSNK1E),0,0.391786771,11,0.048434657
N.castellii (NCAS0A01090),K.africana (KAFR0C02290),0,0.903627695,11,0.055276831
N.castellii (NCAS0A01090),K.africana (KAFR0K00320),0,0.804222986,11,0.041755314
N.castellii (NCAS0A01090),K.naganishii (KNAG0D01130),0,0.871112155,11,0.053185351
N.castellii (NCAS0A01090),K.naganishii (KNAG0F01980),0,0.913247182,11,0.044787297
N.castellii (NCAS0A01090),N.castellii (NCAS0A01090),1,0.352490437,11,0.051156996
N.castellii (NCAS0A01090),N.castellii (NCAS0D03820),0,0.898468025,11,0.063786555
N.castellii (NCAS0A01090),N.dairenensis (NDAI0F01640),0,0.471141236,11,0.067330932
N.castellii (NCAS0A01090),N.dairenensis (NDAI0I01070),0,0.900315703,11,0.039414835
N.castellii (NCAS0A01090),S.bayanusvar.uvarum (Suva_16.102),0,0.780124938,11,0.039690799
N.castellii (NCAS0A01090),S.cerevisiae (YPL204W),0,0.865008971,154,0.072441939
N.castellii (NCAS0A01090),S.kudriavzevii (Skud_16.75),0,0.853973472,11,0.056305694
N.castellii (NCAS0A01090),S.mikatae (Smik_6.409),0,0.884964319,11,0.053174644
N.castellii (NCAS0A01090),T.blattae (TBLA0A02040),0,0.327601329,11,0.049714547
N.castellii (NCAS0A01090),T.blattae (TBLA0B05310),0,0.920116322,11,0.068071158
N.castellii (NCAS0A01090),T.delbrueckii (TDEL0E05230),0,0.900703524,11,0.044946293
N.castellii (NCAS0A01090),T.phaffii (TPHA0E02830),0,0.939450855,11,0.035016674
N.castellii (NCAS0A01090),T.phaffii (TPHA0J02370),0,0.379733263,11,0.048966243
N.castellii (NCAS0A01090),V.polyspora (Kpol_1002.53),0,0.906079676,11,0.04350261
N.castellii (NCAS0A01090),V.polyspora (Kpol_1033.51),0,0.297549286,11,0.059445534
N.castellii (NCAS0A01090),Vehicle (Empty),0,0.360536732,154,0.05412813
N.castellii (NCAS0A01090),Z.rouxii (ZYRO0G08866g),0,0.819287357,11,0.039913676
N.castellii (NCAS0D03820),C.glabrata (CAGL0H03553g),0,0.824353698,11,0.038787752
N.castellii (NCAS0D03820),H. sapiens (CSNK1A1),0,0.864234119,11,0.058408014
N.castellii (NCAS0D03820),H. sapiens (CSNK1A1L),0,0.903580587,11,0.055513951
N.castellii (NCAS0D03820),H. sapiens (CSNK1D),0,0.899820196,11,0.049946598
N.castellii (NCAS0D03820),H. sapiens (CSNK1E),0,0.879356908,11,0.049675803
N.castellii (NCAS0D03820),K.africana (KAFR0C02290),0,0.917584281,11,0.042221538
N.castellii (NCAS0D03820),K.africana (KAFR0K00320),0,0.824935844,11,0.067828386
N.castellii (NCAS0D03820),K.naganishii (KNAG0D01130),0,0.897770866,11,0.068583493
N.castellii (NCAS0D03820),K.naganishii (KNAG0F01980),0,0.931943664,11,0.057673249
N.castellii (NCAS0D03820),N.castellii (NCAS0A01090),0,0.846895179,11,0.039511045
N.castellii (NCAS0D03820),N.castellii (NCAS0D03820),1,0.903618491,11,0.031677158
N.castellii (NCAS0D03820),N.dairenensis (NDAI0F01640),0,0.909546432,11,0.05291473
N.castellii (NCAS0D03820),N.dairenensis (NDAI0I01070),0,0.913090387,11,0.03406253
N.castellii (NCAS0D03820),S.bayanusvar.uvarum (Suva_16.102),0,0.82711283,11,0.053642938
N.castellii (NCAS0D03820),S.cerevisiae (YPL204W),0,0.895477845,154,0.073691667
N.castellii (NCAS0D03820),S.kudriavzevii (Skud_16.75),0,0.876655465,11,0.089093082
N.castellii (NCAS0D03820),S.mikatae (Smik_6.409),0,0.929370964,11,0.047804824
N.castellii (NCAS0D03820),T.blattae (TBLA0A02040),0,0.807550044,11,0.062944519
N.castellii (NCAS0D03820),T.blattae (TBLA0B05310),0,0.90870587,11,0.047713655
N.castellii (NCAS0D03820),T.delbrueckii (TDEL0E05230),0,0.912085043,11,0.068512876
N.castellii (NCAS0D03820),T.phaffii (TPHA0E02830),0,0.921600912,11,0.050713713
N.castellii (NCAS0D03820),T.phaffii (TPHA0J02370),0,0.897600645,11,0.062241539
N.castellii (NCAS0D03820),V.polyspora (Kpol_1002.53),0,0.918128606,11,0.071838644
N.castellii (NCAS0D03820),V.polyspora (Kpol_1033.51),0,0.82730502,11,0.05398733
N.castellii (NCAS0D03820),Vehicle (Empty),0,0.84632768,154,0.064911054
N.castellii (NCAS0D03820),Z.rouxii (ZYRO0G08866g),0,0.847927494,11,0.043423852
N.dairenensis (NDAI0F01640),C.glabrata (CAGL0H03553g),0,0.795181716,11,0.029935492
N.dairenensis (NDAI0F01640),H. sapiens (CSNK1A1),0,0.391066199,11,0.048365558
N.dairenensis (NDAI0F01640),H. sapiens (CSNK1A1L),0,0.439254334,11,0.050273183
N.dairenensis (NDAI0F01640),H. sapiens (CSNK1D),0,0.426106882,11,0.043520692
N.dairenensis (NDAI0F01640),H. sapiens (CSNK1E),0,0.411254689,11,0.069425396
N.dairenensis (NDAI0F01640),K.africana (KAFR0C02290),0,0.902260376,11,0.022470556
N.dairenensis (NDAI0F01640),K.africana (KAFR0K00320),0,0.831015555,11,0.046078545
N.dairenensis (NDAI0F01640),K.naganishii (KNAG0D01130),0,0.87858487,11,0.051035381
N.dairenensis (NDAI0F01640),K.naganishii (KNAG0F01980),0,0.936679159,11,0.045351584
N.dairenensis (NDAI0F01640),N.castellii (NCAS0A01090),0,0.380819086,11,0.052734917
N.dairenensis (NDAI0F01640),N.castellii (NCAS0D03820),0,0.893801913,11,0.042770573
N.dairenensis (NDAI0F01640),N.dairenensis (NDAI0F01640),1,0.476502316,11,0.095010596
N.dairenensis (NDAI0F01640),N.dairenensis (NDAI0I01070),0,0.90366063,11,0.032055388
N.dairenensis (NDAI0F01640),S.bayanusvar.uvarum (Suva_16.102),0,0.782274694,11,0.040816126
N.dairenensis (NDAI0F01640),S.cerevisiae (YPL204W),0,0.868686014,154,0.072186497
N.dairenensis (NDAI0F01640),S.kudriavzevii (Skud_16.75),0,0.885106647,11,0.038787798
N.dairenensis (NDAI0F01640),S.mikatae (Smik_6.409),0,0.881860207,11,0.04499834
N.dairenensis (NDAI0F01640),T.blattae (TBLA0A02040),0,0.354328841,11,0.054356824
N.dairenensis (NDAI0F01640),T.blattae (TBLA0B05310),0,0.930271369,11,0.033574245
N.dairenensis (NDAI0F01640),T.delbrueckii (TDEL0E05230),0,0.923231082,11,0.040940826
N.dairenensis (NDAI0F01640),T.phaffii (TPHA0E02830),0,0.949211114,11,0.027725255
N.dairenensis (NDAI0F01640),T.phaffii (TPHA0J02370),0,0.423696291,11,0.057051583
N.dairenensis (NDAI0F01640),V.polyspora (Kpol_1002.53),0,0.913209611,11,0.03727391
N.dairenensis (NDAI0F01640),V.polyspora (Kpol_1033.51),0,0.353203657,11,0.05055565
N.dairenensis (NDAI0F01640),Vehicle (Empty),0,0.389905028,154,0.059421479
N.dairenensis (NDAI0F01640),Z.rouxii (ZYRO0G08866g),0,0.814681035,11,0.026394935
N.dairenensis (NDAI0I01070),C.glabrata (CAGL0H03553g),0,0.845732437,11,0.031326426
N.dairenensis (NDAI0I01070),H. sapiens (CSNK1A1),0,0.893723552,11,0.037364591
N.dairenensis (NDAI0I01070),H. sapiens (CSNK1A1L),0,0.922197619,11,0.035385694
N.dairenensis (NDAI0I01070),H. sapiens (CSNK1D),0,0.925667751,11,0.051881029
N.dairenensis (NDAI0I01070),H. sapiens (CSNK1E),0,0.919582939,11,0.032464257
N.dairenensis (NDAI0I01070),K.africana (KAFR0C02290),0,0.911811829,11,0.026185715
N.dairenensis (NDAI0I01070),K.africana (KAFR0K00320),0,0.845169054,11,0.043198491
N.dairenensis (NDAI0I01070),K.naganishii (KNAG0D01130),0,0.909548668,11,0.047775875
N.dairenensis (NDAI0I01070),K.naganishii (KNAG0F01980),0,0.942912286,11,0.041773858
N.dairenensis (NDAI0I01070),N.castellii (NCAS0A01090),0,0.859309847,11,0.036388338
N.dairenensis (NDAI0I01070),N.castellii (NCAS0D03820),0,0.924724445,11,0.033713232
N.dairenensis (NDAI0I01070),N.dairenensis (NDAI0F01640),0,0.930489263,11,0.039102408
N.dairenensis (NDAI0I01070),N.dairenensis (NDAI0I01070),1,0.923359288,11,0.046826642
N.dairenensis (NDAI0I01070),S.bayanusvar.uvarum (Suva_16.102),0,0.841838035,11,0.048936514
N.dairenensis (NDAI0I01070),S.cerevisiae (YPL204W),0,0.916470399,154,0.065650019
N.dairenensis (NDAI0I01070),S.kudriavzevii (Skud_16.75),0,0.901829455,11,0.065228755
N.dairenensis (NDAI0I01070),S.mikatae (Smik_6.409),0,0.940674055,11,0.034495086
N.dairenensis (NDAI0I01070),T.blattae (TBLA0A02040),0,0.827367041,11,0.05298287
N.dairenensis (NDAI0I01070),T.blattae (TBLA0B05310),0,0.92792768,11,0.037308491
N.dairenensis (NDAI0I01070),T.delbrueckii (TDEL0E05230),0,0.923411607,11,0.049562057
N.dairenensis (NDAI0I01070),T.phaffii (TPHA0E02830),0,0.940002291,11,0.052452616
N.dairenensis (NDAI0I01070),T.phaffii (TPHA0J02370),0,0.944588486,11,0.044513293
N.dairenensis (NDAI0I01070),V.polyspora (Kpol_1002.53),0,0.938069453,11,0.036376345
N.dairenensis (NDAI0I01070),V.polyspora (Kpol_1033.51),0,0.846686788,11,0.046364509
N.dairenensis (NDAI0I01070),Vehicle (Empty),0,0.862679123,154,0.065919496
N.dairenensis (NDAI0I01070),Z.rouxii (ZYRO0G08866g),0,0.851323764,11,0.02529368
S.bayanusvar.uvarum (Suva_16.102),C.glabrata (CAGL0H03553g),0,0.838202171,11,0.029366792
S.bayanusvar.uvarum (Suva_16.102),H. sapiens (CSNK1A1),0,0.872985989,11,0.054938481
S.bayanusvar.uvarum (Suva_16.102),H. sapiens (CSNK1A1L),0,0.886539983,11,0.058356248
S.bayanusvar.uvarum (Suva_16.102),H. sapiens (CSNK1D),0,0.908107565,11,0.033383391
S.bayanusvar.uvarum (Suva_16.102),H. sapiens (CSNK1E),0,0.891548362,11,0.038519947
S.bayanusvar.uvarum (Suva_16.102),K.africana (KAFR0C02290),0,0.912091247,11,0.042939222
S.bayanusvar.uvarum (Suva_16.102),K.africana (KAFR0K00320),0,0.842854938,11,0.053946165
S.bayanusvar.uvarum (Suva_16.102),K.naganishii (KNAG0D01130),0,0.911527943,11,0.049747145
S.bayanusvar.uvarum (Suva_16.102),K.naganishii (KNAG0F01980),0,0.939203843,11,0.041149254
S.bayanusvar.uvarum (Suva_16.102),N.castellii (NCAS0A01090),0,0.839838866,11,0.029671778
S.bayanusvar.uvarum (Suva_16.102),N.castellii (NCAS0D03820),0,0.911984483,11,0.058493828
S.bayanusvar.uvarum (Suva_16.102),N.dairenensis (NDAI0F01640),0,0.902367081,11,0.033594971
S.bayanusvar.uvarum (Suva_16.102),N.dairenensis (NDAI0I01070),0,0.930338736,11,0.031138869
S.bayanusvar.uvarum (Suva_16.102),S.bayanusvar.uvarum (Suva_16.102),1,0.837386065,11,0.047229283
S.bayanusvar.uvarum (Suva_16.102),S.cerevisiae (YPL204W),0,0.905042835,154,0.069483728
S.bayanusvar.uvarum (Suva_16.102),S.kudriavzevii (Skud_16.75),0,0.900134694,11,0.085308134
S.bayanusvar.uvarum (Suva_16.102),S.mikatae (Smik_6.409),0,0.932170452,11,0.047074638
S.bayanusvar.uvarum (Suva_16.102),T.blattae (TBLA0A02040),0,0.819646567,11,0.056953677
S.bayanusvar.uvarum (Suva_16.102),T.blattae (TBLA0B05310),0,0.938236621,11,0.053629514
S.bayanusvar.uvarum (Suva_16.102),T.delbrueckii (TDEL0E05230),0,0.931362054,11,0.05288162
S.bayanusvar.uvarum (Suva_16.102),T.phaffii (TPHA0E02830),0,0.941921298,11,0.039266803
S.bayanusvar.uvarum (Suva_16.102),T.phaffii (TPHA0J02370),0,0.897618804,11,0.048454161
S.bayanusvar.uvarum (Suva_16.102),V.polyspora (Kpol_1002.53),0,0.923824856,11,0.04191049
S.bayanusvar.uvarum (Suva_16.102),V.polyspora (Kpol_1033.51),0,0.819820019,11,0.050473842
S.bayanusvar.uvarum (Suva_16.102),Vehicle (Empty),0,0.847510145,154,0.05938964
S.bayanusvar.uvarum (Suva_16.102),Z.rouxii (ZYRO0G08866g),0,0.851730665,11,0.027193167
S.cerevisiae (YPL204W),C.glabrata (CAGL0H03553g),0,0.816054028,22,0.034891429
S.cerevisiae (YPL204W),H. sapiens (CSNK1A1),0,0.807187806,22,0.036136706
S.cerevisiae (YPL204W),H. sapiens (CSNK1A1L),0,0.836224462,22,0.04501429
S.cerevisiae (YPL204W),H. sapiens (CSNK1D),0,0.837741496,22,0.061887117
S.cerevisiae (YPL204W),H. sapiens (CSNK1E),0,0.838580561,22,0.052599571
S.cerevisiae (YPL204W),K.africana (KAFR0C02290),0,0.909274665,22,0.039797645
S.cerevisiae (YPL204W),K.africana (KAFR0K00320),0,0.840860911,22,0.036504133
S.cerevisiae (YPL204W),K.naganishii (KNAG0D01130),0,0.875522336,22,0.044857217
S.cerevisiae (YPL204W),K.naganishii (KNAG0F01980),0,0.919647382,22,0.036781077
S.cerevisiae (YPL204W),N.castellii (NCAS0A01090),0,0.787741108,22,0.039226728
S.cerevisiae (YPL204W),N.castellii (NCAS0D03820),0,0.891088423,22,0.051845526
S.cerevisiae (YPL204W),N.dairenensis (NDAI0F01640),0,0.845368578,22,0.047654776
S.cerevisiae (YPL204W),N.dairenensis (NDAI0I01070),0,0.889986234,22,0.032118061
S.cerevisiae (YPL204W),S.bayanusvar.uvarum (Suva_16.102),0,0.813787371,22,0.044639982
S.cerevisiae (YPL204W),S.cerevisiae (YPL204W),1,0.880841757,308,0.064705289
S.cerevisiae (YPL204W),S.kudriavzevii (Skud_16.75),0,0.898248949,22,0.053311491
S.cerevisiae (YPL204W),S.mikatae (Smik_6.409),0,0.880385498,22,0.043235529
S.cerevisiae (YPL204W),T.blattae (TBLA0A02040),0,0.772487026,22,0.0465607
S.cerevisiae (YPL204W),T.blattae (TBLA0B05310),0,0.930326777,22,0.044153968
S.cerevisiae (YPL204W),T.delbrueckii (TDEL0E05230),0,0.91104846,22,0.03948853
S.cerevisiae (YPL204W),T.phaffii (TPHA0E02830),0,0.919530974,22,0.043375116
S.cerevisiae (YPL204W),T.phaffii (TPHA0J02370),0,0.834252634,22,0.034012443
S.cerevisiae (YPL204W),V.polyspora (Kpol_1002.53),0,0.913291127,22,0.036965127
S.cerevisiae (YPL204W),V.polyspora (Kpol_1033.51),0,0.783188596,22,0.03953541
S.cerevisiae (YPL204W),Vehicle (Empty),0,0.797791292,308,0.057270324
S.cerevisiae (YPL204W),Z.rouxii (ZYRO0G08866g),0,0.824627059,22,0.039400007
S.kudriavzevii (Skud_16.75),C.glabrata (CAGL0H03553g),0,0.857617624,11,0.025418756
S.kudriavzevii (Skud_16.75),H. sapiens (CSNK1A1),0,0.916278117,11,0.020988223
S.kudriavzevii (Skud_16.75),H. sapiens (CSNK1A1L),0,0.948294992,11,0.033168001
S.kudriavzevii (Skud_16.75),H. sapiens (CSNK1D),0,0.934046871,11,0.039924868
S.kudriavzevii (Skud_16.75),H. sapiens (CSNK1E),0,0.925966923,11,0.039453332
S.kudriavzevii (Skud_16.75),K.africana (KAFR0C02290),0,0.936527592,11,0.024690492
S.kudriavzevii (Skud_16.75),K.africana (KAFR0K00320),0,0.868744463,11,0.034609817
S.kudriavzevii (Skud_16.75),K.naganishii (KNAG0D01130),0,0.935126791,11,0.042004517
S.kudriavzevii (Skud_16.75),K.naganishii (KNAG0F01980),0,0.971618379,11,0.042017482
S.kudriavzevii (Skud_16.75),N.castellii (NCAS0A01090),0,0.870578852,11,0.022355802
S.kudriavzevii (Skud_16.75),N.castellii (NCAS0D03820),0,0.934320784,11,0.048490777
S.kudriavzevii (Skud_16.75),N.dairenensis (NDAI0F01640),0,0.945863788,11,0.037175185
S.kudriavzevii (Skud_16.75),N.dairenensis (NDAI0I01070),0,0.937426051,11,0.031781881
S.kudriavzevii (Skud_16.75),S.bayanusvar.uvarum (Suva_16.102),0,0.860025355,11,0.045887717
S.kudriavzevii (Skud_16.75),S.cerevisiae (YPL204W),0,0.941508708,154,0.066616084
S.kudriavzevii (Skud_16.75),S.kudriavzevii (Skud_16.75),1,0.934128762,11,0.032825932
S.kudriavzevii (Skud_16.75),S.mikatae (Smik_6.409),0,0.931336783,11,0.055885865
S.kudriavzevii (Skud_16.75),T.blattae (TBLA0A02040),0,0.86454441,11,0.020590952
S.kudriavzevii (Skud_16.75),T.blattae (TBLA0B05310),0,0.94522674,11,0.035191432
S.kudriavzevii (Skud_16.75),T.delbrueckii (TDEL0E05230),0,0.953497609,11,0.027372242
S.kudriavzevii (Skud_16.75),T.phaffii (TPHA0E02830),0,0.955320776,11,0.028095082
S.kudriavzevii (Skud_16.75),T.phaffii (TPHA0J02370),0,0.94671913,11,0.046539835
S.kudriavzevii (Skud_16.75),V.polyspora (Kpol_1002.53),0,0.93871381,11,0.027444398
S.kudriavzevii (Skud_16.75),V.polyspora (Kpol_1033.51),0,0.861475968,11,0.046428638
S.kudriavzevii (Skud_16.75),Vehicle (Empty),0,0.886916668,154,0.061548392
S.kudriavzevii (Skud_16.75),Z.rouxii (ZYRO0G08866g),0,0.862820479,11,0.042454412
S.mikatae (Smik_6.409),C.glabrata (CAGL0H03553g),0,0.848125345,11,0.019087356
S.mikatae (Smik_6.409),H. sapiens (CSNK1A1),0,0.862966676,11,0.034445776
S.mikatae (Smik_6.409),H. sapiens (CSNK1A1L),0,0.909274109,11,0.023626329
S.mikatae (Smik_6.409),H. sapiens (CSNK1D),0,0.889273171,11,0.050620452
S.mikatae (Smik_6.409),H. sapiens (CSNK1E),0,0.866197214,11,0.04312615
S.mikatae (Smik_6.409),K.africana (KAFR0C02290),0,0.916998729,11,0.034746988
S.mikatae (Smik_6.409),K.africana (KAFR0K00320),0,0.842822175,11,0.037292918
S.mikatae (Smik_6.409),K.naganishii (KNAG0D01130),0,0.936383068,11,0.03226477
S.mikatae (Smik_6.409),K.naganishii (KNAG0F01980),0,0.941826412,11,0.033557396
S.mikatae (Smik_6.409),N.castellii (NCAS0A01090),0,0.813829864,11,0.019859524
S.mikatae (Smik_6.409),N.castellii (NCAS0D03820),0,0.912457822,11,0.038877779
S.mikatae (Smik_6.409),N.dairenensis (NDAI0F01640),0,0.894872696,11,0.045870449
S.mikatae (Smik_6.409),N.dairenensis (NDAI0I01070),0,0.922532057,11,0.044008341
S.mikatae (Smik_6.409),S.bayanusvar.uvarum (Suva_16.102),0,0.823027452,11,0.040408209
S.mikatae (Smik_6.409),S.cerevisiae (YPL204W),0,0.908266504,154,0.065513399
S.mikatae (Smik_6.409),S.kudriavzevii (Skud_16.75),0,0.923601624,11,0.030120898
S.mikatae (Smik_6.409),S.mikatae (Smik_6.409),1,0.912534249,11,0.041023032
S.mikatae (Smik_6.409),T.blattae (TBLA0A02040),0,0.796378978,11,0.040241608
S.mikatae (Smik_6.409),T.blattae (TBLA0B05310),0,0.957560689,11,0.052748964
S.mikatae (Smik_6.409),T.delbrueckii (TDEL0E05230),0,0.945478159,11,0.020804553
S.mikatae (Smik_6.409),T.phaffii (TPHA0E02830),0,0.955923388,11,0.040379409
S.mikatae (Smik_6.409),T.phaffii (TPHA0J02370),0,0.904119167,11,0.024544128
S.mikatae (Smik_6.409),V.polyspora (Kpol_1002.53),0,0.956856614,11,0.030786236
S.mikatae (Smik_6.409),V.polyspora (Kpol_1033.51),0,0.830611961,11,0.042365079
S.mikatae (Smik_6.409),Vehicle (Empty),0,0.844558584,154,0.058476177
S.mikatae (Smik_6.409),Z.rouxii (ZYRO0G08866g),0,0.847282159,11,0.024917254
T.blattae (TBLA0A02040),C.glabrata (CAGL0H03553g),0,0.800805922,11,0.043693742
T.blattae (TBLA0A02040),H. sapiens (CSNK1A1),0,0.359600896,11,0.049099101
T.blattae (TBLA0A02040),H. sapiens (CSNK1A1L),0,0.389551383,11,0.03716557
T.blattae (TBLA0A02040),H. sapiens (CSNK1D),0,0.412212948,11,0.0459812
T.blattae (TBLA0A02040),H. sapiens (CSNK1E),0,0.381363457,11,0.057426878
T.blattae (TBLA0A02040),K.africana (KAFR0C02290),0,0.915608544,11,0.034856621
T.blattae (TBLA0A02040),K.africana (KAFR0K00320),0,0.83323992,11,0.053357477
T.blattae (TBLA0A02040),K.naganishii (KNAG0D01130),0,0.849652326,11,0.04501411
T.blattae (TBLA0A02040),K.naganishii (KNAG0F01980),0,0.927645903,11,0.04151211
T.blattae (TBLA0A02040),N.castellii (NCAS0A01090),0,0.359552455,11,0.052207509
T.blattae (TBLA0A02040),N.castellii (NCAS0D03820),0,0.908944712,11,0.045274156
T.blattae (TBLA0A02040),N.dairenensis (NDAI0F01640),0,0.466235048,11,0.078203747
T.blattae (TBLA0A02040),N.dairenensis (NDAI0I01070),0,0.883003117,11,0.033661585
T.blattae (TBLA0A02040),S.bayanusvar.uvarum (Suva_16.102),0,0.817275304,11,0.04918216
T.blattae (TBLA0A02040),S.cerevisiae (YPL204W),0,0.8593379,154,0.072297319
T.blattae (TBLA0A02040),S.kudriavzevii (Skud_16.75),0,0.883081324,11,0.046376229
T.blattae (TBLA0A02040),S.mikatae (Smik_6.409),0,0.877011847,11,0.03940419
T.blattae (TBLA0A02040),T.blattae (TBLA0A02040),1,0.343167325,11,0.048620572
T.blattae (TBLA0A02040),T.blattae (TBLA0B05310),0,0.929103526,11,0.046761601
T.blattae (TBLA0A02040),T.delbrueckii (TDEL0E05230),0,0.909441487,11,0.046096723
T.blattae (TBLA0A02040),T.phaffii (TPHA0E02830),0,0.932228197,11,0.048917729
T.blattae (TBLA0A02040),T.phaffii (TPHA0J02370),0,0.39614668,11,0.047120296
T.blattae (TBLA0A02040),V.polyspora (Kpol_1002.53),0,0.905110149,11,0.039478788
T.blattae (TBLA0A02040),V.polyspora (Kpol_1033.51),0,0.332120593,11,0.057647699
T.blattae (TBLA0A02040),Vehicle (Empty),0,0.35940769,154,0.047652791
T.blattae (TBLA0A02040),Z.rouxii (ZYRO0G08866g),0,0.82702838,11,0.025257157
T.blattae (TBLA0B05310),C.glabrata (CAGL0H03553g),0,0.859518333,11,0.043379481
T.blattae (TBLA0B05310),H. sapiens (CSNK1A1),0,0.942389483,11,0.043121455
T.blattae (TBLA0B05310),H. sapiens (CSNK1A1L),0,0.975764556,11,0.053582751
T.blattae (TBLA0B05310),H. sapiens (CSNK1D),0,0.968314846,11,0.050935522
T.blattae (TBLA0B05310),H. sapiens (CSNK1E),0,0.937515896,11,0.029074862
T.blattae (TBLA0B05310),K.africana (KAFR0C02290),0,0.937045809,11,0.047748243
T.blattae (TBLA0B05310),K.africana (KAFR0K00320),0,0.868935608,11,0.058899802
T.blattae (TBLA0B05310),K.naganishii (KNAG0D01130),0,0.939364545,11,0.050240152
T.blattae (TBLA0B05310),K.naganishii (KNAG0F01980),0,0.948822167,11,0.044265899
T.blattae (TBLA0B05310),N.castellii (NCAS0A01090),0,0.89682833,11,0.039352952
T.blattae (TBLA0B05310),N.castellii (NCAS0D03820),0,0.949912873,11,0.085386611
T.blattae (TBLA0B05310),N.dairenensis (NDAI0F01640),0,0.964820194,11,0.049412177
T.blattae (TBLA0B05310),N.dairenensis (NDAI0I01070),0,0.941565835,11,0.029732166
T.blattae (TBLA0B05310),S.bayanusvar.uvarum (Suva_16.102),0,0.840269572,11,0.046947133
T.blattae (TBLA0B05310),S.cerevisiae (YPL204W),0,0.923916126,154,0.072995433
T.blattae (TBLA0B05310),S.kudriavzevii (Skud_16.75),0,0.91326582,11,0.080609541
T.blattae (TBLA0B05310),S.mikatae (Smik_6.409),0,0.908278689,11,0.049611303
T.blattae (TBLA0B05310),T.blattae (TBLA0A02040),0,0.874459073,11,0.063474829
T.blattae (TBLA0B05310),T.blattae (TBLA0B05310),1,0.916135991,11,0.04970338
T.blattae (TBLA0B05310),T.delbrueckii (TDEL0E05230),0,0.929421533,11,0.047015718
T.blattae (TBLA0B05310),T.phaffii (TPHA0E02830),0,0.950828502,11,0.024013618
T.blattae (TBLA0B05310),T.phaffii (TPHA0J02370),0,0.972882759,11,0.03629696
T.blattae (TBLA0B05310),V.polyspora (Kpol_1002.53),0,0.931320739,11,0.05882778
T.blattae (TBLA0B05310),V.polyspora (Kpol_1033.51),0,0.894846814,11,0.063333086
T.blattae (TBLA0B05310),Vehicle (Empty),0,0.904658947,154,0.063442672
T.blattae (TBLA0B05310),Z.rouxii (ZYRO0G08866g),0,0.860058092,11,0.039550643
T.delbrueckii (TDEL0E05230),C.glabrata (CAGL0H03553g),0,0.867527092,11,0.01971975
T.delbrueckii (TDEL0E05230),H. sapiens (CSNK1A1),0,0.953277749,11,0.041584674
T.delbrueckii (TDEL0E05230),H. sapiens (CSNK1A1L),0,0.944921086,11,0.041157436
T.delbrueckii (TDEL0E05230),H. sapiens (CSNK1D),0,0.969416129,11,0.040325549
T.delbrueckii (TDEL0E05230),H. sapiens (CSNK1E),0,0.935812673,11,0.047253338
T.delbrueckii (TDEL0E05230),K.africana (KAFR0C02290),0,0.915544051,11,0.045544577
T.delbrueckii (TDEL0E05230),K.africana (KAFR0K00320),0,0.855428293,11,0.04473412
T.delbrueckii (TDEL0E05230),K.naganishii (KNAG0D01130),0,0.936112583,11,0.027398005
T.delbrueckii (TDEL0E05230),K.naganishii (KNAG0F01980),0,0.940236109,11,0.037021784
T.delbrueckii (TDEL0E05230),N.castellii (NCAS0A01090),0,0.895647655,11,0.031271006
T.delbrueckii (TDEL0E05230),N.castellii (NCAS0D03820),0,0.926096352,11,0.030402469
T.delbrueckii (TDEL0E05230),N.dairenensis (NDAI0F01640),0,0.965620918,11,0.0408375
T.delbrueckii (TDEL0E05230),N.dairenensis (NDAI0I01070),0,0.928049445,11,0.034534779
T.delbrueckii (TDEL0E05230),S.bayanusvar.uvarum (Suva_16.102),0,0.854467764,11,0.042182962
T.delbrueckii (TDEL0E05230),S.cerevisiae (YPL204W),0,0.939348443,154,0.068348927
T.delbrueckii (TDEL0E05230),S.kudriavzevii (Skud_16.75),0,0.904654031,11,0.053014487
T.delbrueckii (TDEL0E05230),S.mikatae (Smik_6.409),0,0.930975916,11,0.047774135
T.delbrueckii (TDEL0E05230),T.blattae (TBLA0A02040),0,0.859332598,11,0.036679455
T.delbrueckii (TDEL0E05230),T.blattae (TBLA0B05310),0,0.935511565,11,0.024943388
T.delbrueckii (TDEL0E05230),T.delbrueckii (TDEL0E05230),1,0.926545122,11,0.041026526
T.delbrueckii (TDEL0E05230),T.phaffii (TPHA0E02830),0,0.951912443,11,0.039291764
T.delbrueckii (TDEL0E05230),T.phaffii (TPHA0J02370),0,0.970730256,11,0.043370641
T.delbrueckii (TDEL0E05230),V.polyspora (Kpol_1002.53),0,0.947498734,11,0.044061693
T.delbrueckii (TDEL0E05230),V.polyspora (Kpol_1033.51),0,0.903936693,11,0.042506491
T.delbrueckii (TDEL0E05230),Vehicle (Empty),0,0.898982852,154,0.063858794
T.delbrueckii (TDEL0E05230),Z.rouxii (ZYRO0G08866g),0,0.866185122,11,0.031652139
T.phaffii (TPHA0E02830),C.glabrata (CAGL0H03553g),0,0.868253393,11,0.022904975
T.phaffii (TPHA0E02830),H. sapiens (CSNK1A1),0,0.932855957,11,0.034588024
T.phaffii (TPHA0E02830),H. sapiens (CSNK1A1L),0,0.972650853,11,0.040157041
T.phaffii (TPHA0E02830),H. sapiens (CSNK1D),0,0.969031158,11,0.020415316
T.phaffii (TPHA0E02830),H. sapiens (CSNK1E),0,0.943323557,11,0.050610414
T.phaffii (TPHA0E02830),K.africana (KAFR0C02290),0,0.930658544,11,0.043460701
T.phaffii (TPHA0E02830),K.africana (KAFR0K00320),0,0.865802046,11,0.037247296
T.phaffii (TPHA0E02830),K.naganishii (KNAG0D01130),0,0.948254699,11,0.03741689
T.phaffii (TPHA0E02830),K.naganishii (KNAG0F01980),0,0.93764689,11,0.031713606
T.phaffii (TPHA0E02830),N.castellii (NCAS0A01090),0,0.910364243,11,0.022221845
T.phaffii (TPHA0E02830),N.castellii (NCAS0D03820),0,0.928358967,11,0.039381749
T.phaffii (TPHA0E02830),N.dairenensis (NDAI0F01640),0,0.966445857,11,0.028723465
T.phaffii (TPHA0E02830),N.dairenensis (NDAI0I01070),0,0.937247847,11,0.025700093
T.phaffii (TPHA0E02830),S.bayanusvar.uvarum (Suva_16.102),0,0.851717791,11,0.03213758
T.phaffii (TPHA0E02830),S.cerevisiae (YPL204W),0,0.92847001,154,0.059281919
T.phaffii (TPHA0E02830),S.kudriavzevii (Skud_16.75),0,0.916093202,11,0.056420068
T.phaffii (TPHA0E02830),S.mikatae (Smik_6.409),0,0.949174954,11,0.040487653
T.phaffii (TPHA0E02830),T.blattae (TBLA0A02040),0,0.867822562,11,0.0429313
T.phaffii (TPHA0E02830),T.blattae (TBLA0B05310),0,0.94326866,11,0.036362167
T.phaffii (TPHA0E02830),T.delbrueckii (TDEL0E05230),0,0.936137198,11,0.035959176
T.phaffii (TPHA0E02830),T.phaffii (TPHA0E02830),1,0.945810159,11,0.02348047
T.phaffii (TPHA0E02830),T.phaffii (TPHA0J02370),0,0.970451939,11,0.037494857
T.phaffii (TPHA0E02830),V.polyspora (Kpol_1002.53),0,0.944944099,11,0.030958516
T.phaffii (TPHA0E02830),V.polyspora (Kpol_1033.51),0,0.889804024,11,0.025560231
T.phaffii (TPHA0E02830),Vehicle (Empty),0,0.91112621,154,0.06357497
T.phaffii (TPHA0E02830),Z.rouxii (ZYRO0G08866g),0,0.860630492,11,0.037681109
T.phaffii (TPHA0J02370),C.glabrata (CAGL0H03553g),0,0.79011928,11,0.033903423
T.phaffii (TPHA0J02370),H. sapiens (CSNK1A1),0,0.40172338,11,0.046084414
T.phaffii (TPHA0J02370),H. sapiens (CSNK1A1L),0,0.43493636,11,0.060704051
T.phaffii (TPHA0J02370),H. sapiens (CSNK1D),0,0.432379602,11,0.029000488
T.phaffii (TPHA0J02370),H. sapiens (CSNK1E),0,0.399054439,11,0.045545885
T.phaffii (TPHA0J02370),K.africana (KAFR0C02290),0,0.892804919,11,0.043503323
T.phaffii (TPHA0J02370),K.africana (KAFR0K00320),0,0.822136435,11,0.04936385
T.phaffii (TPHA0J02370),K.naganishii (KNAG0D01130),0,0.854464238,11,0.051104418
T.phaffii (TPHA0J02370),K.naganishii (KNAG0F01980),0,0.921719047,11,0.039884076
T.phaffii (TPHA0J02370),N.castellii (NCAS0A01090),0,0.390777154,11,0.042070587
T.phaffii (TPHA0J02370),N.castellii (NCAS0D03820),0,0.889815794,11,0.039636802
T.phaffii (TPHA0J02370),N.dairenensis (NDAI0F01640),0,0.500026443,11,0.069982099
T.phaffii (TPHA0J02370),N.dairenensis (NDAI0I01070),0,0.886366299,11,0.040538306
T.phaffii (TPHA0J02370),S.bayanusvar.uvarum (Suva_16.102),0,0.808718929,11,0.047498489
T.phaffii (TPHA0J02370),S.cerevisiae (YPL204W),0,0.854980494,154,0.070847289
T.phaffii (TPHA0J02370),S.kudriavzevii (Skud_16.75),0,0.874315951,11,0.063917507
T.phaffii (TPHA0J02370),S.mikatae (Smik_6.409),0,0.878016183,11,0.055876373
T.phaffii (TPHA0J02370),T.blattae (TBLA0A02040),0,0.375882569,11,0.054169441
T.phaffii (TPHA0J02370),T.blattae (TBLA0B05310),0,0.915632608,11,0.05207452
T.phaffii (TPHA0J02370),T.delbrueckii (TDEL0E05230),0,0.906727296,11,0.04548686
T.phaffii (TPHA0J02370),T.phaffii (TPHA0E02830),0,0.918071751,11,0.038342592
T.phaffii (TPHA0J02370),T.phaffii (TPHA0J02370),1,0.406048759,11,0.04994576
T.phaffii (TPHA0J02370),V.polyspora (Kpol_1002.53),0,0.909622425,11,0.040515578
T.phaffii (TPHA0J02370),V.polyspora (Kpol_1033.51),0,0.371959064,11,0.037869786
T.phaffii (TPHA0J02370),Vehicle (Empty),0,0.417690088,154,0.122256022
T.phaffii (TPHA0J02370),Z.rouxii (ZYRO0G08866g),0,0.80910121,11,0.026972137
V.polyspora (Kpol_1002.53),C.glabrata (CAGL0H03553g),0,0.818849502,11,0.041572033
V.polyspora (Kpol_1002.53),H. sapiens (CSNK1A1),0,0.885640948,11,0.05851241
V.polyspora (Kpol_1002.53),H. sapiens (CSNK1A1L),0,0.898177023,11,0.054038743
V.polyspora (Kpol_1002.53),H. sapiens (CSNK1D),0,0.928646052,11,0.043688224
V.polyspora (Kpol_1002.53),H. sapiens (CSNK1E),0,0.906584483,11,0.047127884
V.polyspora (Kpol_1002.53),K.africana (KAFR0C02290),0,0.906117176,11,0.036418538
V.polyspora (Kpol_1002.53),K.africana (KAFR0K00320),0,0.855992554,11,0.060005379
V.polyspora (Kpol_1002.53),K.naganishii (KNAG0D01130),0,0.890762879,11,0.04468704
V.polyspora (Kpol_1002.53),K.naganishii (KNAG0F01980),0,0.925733143,11,0.043652526
V.polyspora (Kpol_1002.53),N.castellii (NCAS0A01090),0,0.85335767,11,0.038777889
V.polyspora (Kpol_1002.53),N.castellii (NCAS0D03820),0,0.914352915,11,0.043128302
V.polyspora (Kpol_1002.53),N.dairenensis (NDAI0F01640),0,0.930941057,11,0.048805865
V.polyspora (Kpol_1002.53),N.dairenensis (NDAI0I01070),0,0.895395387,11,0.042818325
V.polyspora (Kpol_1002.53),S.bayanusvar.uvarum (Suva_16.102),0,0.838277594,11,0.046789452
V.polyspora (Kpol_1002.53),S.cerevisiae (YPL204W),0,0.911357314,154,0.072509028
V.polyspora (Kpol_1002.53),S.kudriavzevii (Skud_16.75),0,0.88989172,11,0.066169888
V.polyspora (Kpol_1002.53),S.mikatae (Smik_6.409),0,0.911691245,11,0.039636366
V.polyspora (Kpol_1002.53),T.blattae (TBLA0A02040),0,0.833387594,11,0.045412219
V.polyspora (Kpol_1002.53),T.blattae (TBLA0B05310),0,0.928791852,11,0.042074075
V.polyspora (Kpol_1002.53),T.delbrueckii (TDEL0E05230),0,0.908707698,11,0.036370747
V.polyspora (Kpol_1002.53),T.phaffii (TPHA0E02830),0,0.922516969,11,0.038424972
V.polyspora (Kpol_1002.53),T.phaffii (TPHA0J02370),0,0.928358595,11,0.054392838
V.polyspora (Kpol_1002.53),V.polyspora (Kpol_1002.53),1,0.912209402,11,0.032215841
V.polyspora (Kpol_1002.53),V.polyspora (Kpol_1033.51),0,0.839366029,11,0.039736533
V.polyspora (Kpol_1002.53),Vehicle (Empty),0,0.857186974,154,0.06632483
V.polyspora (Kpol_1002.53),Z.rouxii (ZYRO0G08866g),0,0.838118945,11,0.036120038
V.polyspora (Kpol_1033.51),C.glabrata (CAGL0H03553g),0,0.815664907,11,0.03034485
V.polyspora (Kpol_1033.51),H. sapiens (CSNK1A1),0,0.363000954,11,0.055784009
V.polyspora (Kpol_1033.51),H. sapiens (CSNK1A1L),0,0.402780947,11,0.065727745
V.polyspora (Kpol_1033.51),H. sapiens (CSNK1D),0,0.390531176,11,0.077502472
V.polyspora (Kpol_1033.51),H. sapiens (CSNK1E),0,0.374621211,11,0.074448396
V.polyspora (Kpol_1033.51),K.africana (KAFR0C02290),0,0.911325303,11,0.04926393
V.polyspora (Kpol_1033.51),K.africana (KAFR0K00320),0,0.846362582,11,0.066223688
V.polyspora (Kpol_1033.51),K.naganishii (KNAG0D01130),0,0.859110324,11,0.053483931
V.polyspora (Kpol_1033.51),K.naganishii (KNAG0F01980),0,0.922755263,11,0.044142637
V.polyspora (Kpol_1033.51),N.castellii (NCAS0A01090),0,0.340900724,11,0.060145844
V.polyspora (Kpol_1033.51),N.castellii (NCAS0D03820),0,0.897510571,11,0.048992241
V.polyspora (Kpol_1033.51),N.dairenensis (NDAI0F01640),0,0.515348008,11,0.070285786
V.polyspora (Kpol_1033.51),N.dairenensis (NDAI0I01070),0,0.896208847,11,0.045098085
V.polyspora (Kpol_1033.51),S.bayanusvar.uvarum (Suva_16.102),0,0.818492243,11,0.06153412
V.polyspora (Kpol_1033.51),S.cerevisiae (YPL204W),0,0.869571188,154,0.074777217
V.polyspora (Kpol_1033.51),S.kudriavzevii (Skud_16.75),0,0.926186549,11,0.065521926
V.polyspora (Kpol_1033.51),S.mikatae (Smik_6.409),0,0.870476728,11,0.051775369
V.polyspora (Kpol_1033.51),T.blattae (TBLA0A02040),0,0.348474255,11,0.073504753
V.polyspora (Kpol_1033.51),T.blattae (TBLA0B05310),0,0.944069565,11,0.055745665
V.polyspora (Kpol_1033.51),T.delbrueckii (TDEL0E05230),0,0.921402524,11,0.060069995
V.polyspora (Kpol_1033.51),T.phaffii (TPHA0E02830),0,0.945071998,11,0.03598717
V.polyspora (Kpol_1033.51),T.phaffii (TPHA0J02370),0,0.380017192,11,0.053665213
V.polyspora (Kpol_1033.51),V.polyspora (Kpol_1002.53),0,0.911842085,11,0.05894503
V.polyspora (Kpol_1033.51),V.polyspora (Kpol_1033.51),1,0.325062232,11,0.068685664
V.polyspora (Kpol_1033.51),Vehicle (Empty),0,0.365571131,154,0.060937762
V.polyspora (Kpol_1033.51),Z.rouxii (ZYRO0G08866g),0,0.833180551,11,0.030293287
Vehicle (Empty),C.glabrata (CAGL0H03553g),0,0.800158638,22,0.032325948
Vehicle (Empty),H. sapiens (CSNK1A1),0,0.399832491,22,0.03018874
Vehicle (Empty),H. sapiens (CSNK1A1L),0,0.436807761,22,0.039937576
Vehicle (Empty),H. sapiens (CSNK1D),0,0.433058438,22,0.034027404
Vehicle (Empty),H. sapiens (CSNK1E),0,0.400839274,22,0.037992325
Vehicle (Empty),K.africana (KAFR0C02290),0,0.899250214,22,0.034314172
Vehicle (Empty),K.africana (KAFR0K00320),0,0.834119831,22,0.039601543
Vehicle (Empty),K.naganishii (KNAG0D01130),0,0.870380455,22,0.045639235
Vehicle (Empty),K.naganishii (KNAG0F01980),0,0.933984144,22,0.043335017
Vehicle (Empty),N.castellii (NCAS0A01090),0,0.38572183,22,0.038081503
Vehicle (Empty),N.castellii (NCAS0D03820),0,0.904529738,22,0.045512207
Vehicle (Empty),N.dairenensis (NDAI0F01640),0,0.515860683,22,0.075023306
Vehicle (Empty),N.dairenensis (NDAI0I01070),0,0.901136802,22,0.037117126
Vehicle (Empty),S.bayanusvar.uvarum (Suva_16.102),0,0.80913053,22,0.036292685
Vehicle (Empty),S.cerevisiae (YPL204W),0,0.871550446,308,0.069491335
Vehicle (Empty),S.kudriavzevii (Skud_16.75),0,0.898079369,22,0.048580113
Vehicle (Empty),S.mikatae (Smik_6.409),0,0.899352466,22,0.082247938
Vehicle (Empty),T.blattae (TBLA0A02040),0,0.365374756,22,0.047608514
Vehicle (Empty),T.blattae (TBLA0B05310),0,0.922696648,22,0.038395655
Vehicle (Empty),T.delbrueckii (TDEL0E05230),0,0.911049381,22,0.04016167
Vehicle (Empty),T.phaffii (TPHA0E02830),0,0.934367994,22,0.031785843
Vehicle (Empty),T.phaffii (TPHA0J02370),0,0.41655621,22,0.03653477
Vehicle (Empty),V.polyspora (Kpol_1002.53),0,0.912725489,22,0.032673163
Vehicle (Empty),V.polyspora (Kpol_1033.51),0,0.363177859,22,0.040066336
Vehicle (Empty),Vehicle (Empty),1,0.39216686,308,0.048384324
Vehicle (Empty),Z.rouxii (ZYRO0G08866g),0,0.824317179,22,0.03092207
Z.rouxii (ZYRO0G08866g),C.glabrata (CAGL0H03553g),0,0.813771908,11,0.036867484
Z.rouxii (ZYRO0G08866g),H. sapiens (CSNK1A1),0,0.861857534,11,0.036435982
Z.rouxii (ZYRO0G08866g),H. sapiens (CSNK1A1L),0,0.873004115,11,0.069142007
Z.rouxii (ZYRO0G08866g),H. sapiens (CSNK1D),0,0.898721788,11,0.060621867
Z.rouxii (ZYRO0G08866g),H. sapiens (CSNK1E),0,0.886611283,11,0.046363073
Z.rouxii (ZYRO0G08866g),K.africana (KAFR0C02290),0,0.903358177,11,0.041233937
Z.rouxii (ZYRO0G08866g),K.africana (KAFR0K00320),0,0.827320125,11,0.07508602
Z.rouxii (ZYRO0G08866g),K.naganishii (KNAG0D01130),0,0.897608339,11,0.051948228
Z.rouxii (ZYRO0G08866g),K.naganishii (KNAG0F01980),0,0.917688976,11,0.052802742
Z.rouxii (ZYRO0G08866g),N.castellii (NCAS0A01090),0,0.841361293,11,0.041331147
Z.rouxii (ZYRO0G08866g),N.castellii (NCAS0D03820),0,0.895745767,11,0.052714423
Z.rouxii (ZYRO0G08866g),N.dairenensis (NDAI0F01640),0,0.901531015,11,0.051350059
Z.rouxii (ZYRO0G08866g),N.dairenensis (NDAI0I01070),0,0.917001871,11,0.048971575
Z.rouxii (ZYRO0G08866g),S.bayanusvar.uvarum (Suva_16.102),0,0.813810634,11,0.05480235
Z.rouxii (ZYRO0G08866g),S.cerevisiae (YPL204W),0,0.888309411,154,0.077544314
Z.rouxii (ZYRO0G08866g),S.kudriavzevii (Skud_16.75),0,0.871133193,11,0.077694124
Z.rouxii (ZYRO0G08866g),S.mikatae (Smik_6.409),0,0.9091798,11,0.045551399
Z.rouxii (ZYRO0G08866g),T.blattae (TBLA0A02040),0,0.802231594,11,0.050385203
Z.rouxii (ZYRO0G08866g),T.blattae (TBLA0B05310),0,0.909181906,11,0.049062849
Z.rouxii (ZYRO0G08866g),T.delbrueckii (TDEL0E05230),0,0.904252361,11,0.062360044
Z.rouxii (ZYRO0G08866g),T.phaffii (TPHA0E02830),0,0.934164595,11,0.029526499
Z.rouxii (ZYRO0G08866g),T.phaffii (TPHA0J02370),0,0.903693935,11,0.05074677
Z.rouxii (ZYRO0G08866g),V.polyspora (Kpol_1002.53),0,0.901042592,11,0.055964938
Z.rouxii (ZYRO0G08866g),V.polyspora (Kpol_1033.51),0,0.847276764,11,0.04407048
Z.rouxii (ZYRO0G08866g),Vehicle (Empty),0,0.849925237,154,0.073680786
Z.rouxii (ZYRO0G08866g),Z.rouxii (ZYRO0G08866g),1,0.834800794,11,0.03303721
,,,,,
,,,,,
,,,,,
,,,,,
,,,,,
,,,,,
,,,,,
C.glabrata (CAGL0H03553g),1,0.824121011,11,0.029144492,
H. sapiens (CSNK1A1),1,0.396588728,11,0.040212904,
H. sapiens (CSNK1A1L),1,0.444187664,11,0.023988124,
H. sapiens (CSNK1D),1,0.402495822,11,0.071289028,
H. sapiens (CSNK1E),1,0.384777264,11,0.079469394,
K.africana (KAFR0C02290),1,,11,0.053373523,
K.africana (KAFR0K00320),1,,11,0.047733912,
K.naganishii (KNAG0D01130),1,,11,0.048012565,
K.naganishii (KNAG0F01980),1,,11,0.033005995,
N.castellii (NCAS0A01090),1,,11,0.051156996,
N.castellii (NCAS0D03820),1,,11,0.031677158,
N.dairenensis (NDAI0F01640),1,,11,0.095010596,
N.dairenensis (NDAI0I01070),1,,11,0.046826642,
S.bayanusvar.uvarum (Suva_16.102),1,,11,0.047229283,
S.cerevisiae (YPL204W),1,0.880841757,308,0.064705289,
S.kudriavzevii (Skud_16.75),1,0.934128762,11,0.032825932,
S.mikatae (Smik_6.409),1,0.912534249,11,0.041023032,
T.blattae (TBLA0A02040),1,0.343167325,11,0.048620572,
T.blattae (TBLA0B05310),1,0.916135991,11,0.04970338,
T.delbrueckii (TDEL0E05230),1,0.926545122,11,0.041026526,
T.phaffii (TPHA0E02830),1,0.945810159,11,0.02348047,
T.phaffii (TPHA0J02370),1,0.406048759,11,0.04994576,
V.polyspora (Kpol_1002.53),1,0.912209402,11,0.032215841,
V.polyspora (Kpol_1033.51),1,0.325062232,11,0.068685664,
Vehicle (Empty),1,0.39216686,308,0.048384324,
Z.rouxii (ZYRO0G08866g),1,0.834800794,11,0.03303721,