ArrayGene,QueryGene,Array.MSA_order,Array_Phylo_order,Query_MSA.order,Query_Phylo_order
C.glabrata (CAGL0H03553g),C.glabrata (CAGL0H03553g),7,5,7,5
C.glabrata (CAGL0H03553g),H. sapiens (CSNK1A1),7,5,22,23
C.glabrata (CAGL0H03553g),H. sapiens (CSNK1A1L),7,5,24,25
C.glabrata (CAGL0H03553g),H. sapiens (CSNK1D),7,5,23,24
C.glabrata (CAGL0H03553g),H. sapiens (CSNK1E),7,5,21,22
C.glabrata (CAGL0H03553g),K.africana (KAFR0C02290),7,5,15,11
C.glabrata (CAGL0H03553g),K.africana (KAFR0K00320),7,5,16,10
C.glabrata (CAGL0H03553g),K.naganishii (KNAG0D01130),7,5,17,12
C.glabrata (CAGL0H03553g),K.naganishii (KNAG0F01980),7,5,9,13
C.glabrata (CAGL0H03553g),N.castellii (NCAS0A01090),7,5,18,6
C.glabrata (CAGL0H03553g),N.castellii (NCAS0D03820),7,5,8,7
C.glabrata (CAGL0H03553g),N.dairenensis (NDAI0F01640),7,5,19,8
C.glabrata (CAGL0H03553g),N.dairenensis (NDAI0I01070),7,5,10,9
C.glabrata (CAGL0H03553g),S.bayanusvar.uvarum (Suva_16.102),7,5,1,2
C.glabrata (CAGL0H03553g),S.cerevisiae (YPL204W),7,5,4,1
C.glabrata (CAGL0H03553g),S.kudriavzevii (Skud_16.75),7,5,2,3
C.glabrata (CAGL0H03553g),S.mikatae (Smik_6.409),7,5,3,4
C.glabrata (CAGL0H03553g),T.blattae (TBLA0A02040),7,5,25,18
C.glabrata (CAGL0H03553g),T.blattae (TBLA0B05310),7,5,13,19
C.glabrata (CAGL0H03553g),T.delbrueckii (TDEL0E05230),7,5,6,21
C.glabrata (CAGL0H03553g),T.phaffii (TPHA0E02830),7,5,12,16
C.glabrata (CAGL0H03553g),T.phaffii (TPHA0J02370),7,5,20,17
C.glabrata (CAGL0H03553g),V.polyspora (Kpol_1002.53),7,5,14,14
C.glabrata (CAGL0H03553g),V.polyspora (Kpol_1033.51),7,5,11,15
C.glabrata (CAGL0H03553g),Vehicle (Empty),7,5,26,26
C.glabrata (CAGL0H03553g),Z.rouxii (ZYRO0G08866g),7,5,5,20
H. sapiens (CSNK1A1),C.glabrata (CAGL0H03553g),22,23,7,5
H. sapiens (CSNK1A1),H. sapiens (CSNK1A1),22,23,22,23
H. sapiens (CSNK1A1),H. sapiens (CSNK1A1L),22,23,24,25
H. sapiens (CSNK1A1),H. sapiens (CSNK1D),22,23,23,24
H. sapiens (CSNK1A1),H. sapiens (CSNK1E),22,23,21,22
H. sapiens (CSNK1A1),K.africana (KAFR0C02290),22,23,15,11
H. sapiens (CSNK1A1),K.africana (KAFR0K00320),22,23,16,10
H. sapiens (CSNK1A1),K.naganishii (KNAG0D01130),22,23,17,12
H. sapiens (CSNK1A1),K.naganishii (KNAG0F01980),22,23,9,13
H. sapiens (CSNK1A1),N.castellii (NCAS0A01090),22,23,18,6
H. sapiens (CSNK1A1),N.castellii (NCAS0D03820),22,23,8,7
H. sapiens (CSNK1A1),N.dairenensis (NDAI0F01640),22,23,19,8
H. sapiens (CSNK1A1),N.dairenensis (NDAI0I01070),22,23,10,9
H. sapiens (CSNK1A1),S.bayanusvar.uvarum (Suva_16.102),22,23,1,2
H. sapiens (CSNK1A1),S.cerevisiae (YPL204W),22,23,4,1
H. sapiens (CSNK1A1),S.kudriavzevii (Skud_16.75),22,23,2,3
H. sapiens (CSNK1A1),S.mikatae (Smik_6.409),22,23,3,4
H. sapiens (CSNK1A1),T.blattae (TBLA0A02040),22,23,25,18
H. sapiens (CSNK1A1),T.blattae (TBLA0B05310),22,23,13,19
H. sapiens (CSNK1A1),T.delbrueckii (TDEL0E05230),22,23,6,21
H. sapiens (CSNK1A1),T.phaffii (TPHA0E02830),22,23,12,16
H. sapiens (CSNK1A1),T.phaffii (TPHA0J02370),22,23,20,17
H. sapiens (CSNK1A1),V.polyspora (Kpol_1002.53),22,23,14,14
H. sapiens (CSNK1A1),V.polyspora (Kpol_1033.51),22,23,11,15
H. sapiens (CSNK1A1),Vehicle (Empty),22,23,26,26
H. sapiens (CSNK1A1),Z.rouxii (ZYRO0G08866g),22,23,5,20
H. sapiens (CSNK1A1L),C.glabrata (CAGL0H03553g),24,25,7,5
H. sapiens (CSNK1A1L),H. sapiens (CSNK1A1),24,25,22,23
H. sapiens (CSNK1A1L),H. sapiens (CSNK1A1L),24,25,24,25
H. sapiens (CSNK1A1L),H. sapiens (CSNK1D),24,25,23,24
H. sapiens (CSNK1A1L),H. sapiens (CSNK1E),24,25,21,22
H. sapiens (CSNK1A1L),K.africana (KAFR0C02290),24,25,15,11
H. sapiens (CSNK1A1L),K.africana (KAFR0K00320),24,25,16,10
H. sapiens (CSNK1A1L),K.naganishii (KNAG0D01130),24,25,17,12
H. sapiens (CSNK1A1L),K.naganishii (KNAG0F01980),24,25,9,13
H. sapiens (CSNK1A1L),N.castellii (NCAS0A01090),24,25,18,6
H. sapiens (CSNK1A1L),N.castellii (NCAS0D03820),24,25,8,7
H. sapiens (CSNK1A1L),N.dairenensis (NDAI0F01640),24,25,19,8
H. sapiens (CSNK1A1L),N.dairenensis (NDAI0I01070),24,25,10,9
H. sapiens (CSNK1A1L),S.bayanusvar.uvarum (Suva_16.102),24,25,1,2
H. sapiens (CSNK1A1L),S.cerevisiae (YPL204W),24,25,4,1
H. sapiens (CSNK1A1L),S.kudriavzevii (Skud_16.75),24,25,2,3
H. sapiens (CSNK1A1L),S.mikatae (Smik_6.409),24,25,3,4
H. sapiens (CSNK1A1L),T.blattae (TBLA0A02040),24,25,25,18
H. sapiens (CSNK1A1L),T.blattae (TBLA0B05310),24,25,13,19
H. sapiens (CSNK1A1L),T.delbrueckii (TDEL0E05230),24,25,6,21
H. sapiens (CSNK1A1L),T.phaffii (TPHA0E02830),24,25,12,16
H. sapiens (CSNK1A1L),T.phaffii (TPHA0J02370),24,25,20,17
H. sapiens (CSNK1A1L),V.polyspora (Kpol_1002.53),24,25,14,14
H. sapiens (CSNK1A1L),V.polyspora (Kpol_1033.51),24,25,11,15
H. sapiens (CSNK1A1L),Vehicle (Empty),24,25,26,26
H. sapiens (CSNK1A1L),Z.rouxii (ZYRO0G08866g),24,25,5,20
H. sapiens (CSNK1D),C.glabrata (CAGL0H03553g),23,24,7,5
H. sapiens (CSNK1D),H. sapiens (CSNK1A1),23,24,22,23
H. sapiens (CSNK1D),H. sapiens (CSNK1A1L),23,24,24,25
H. sapiens (CSNK1D),H. sapiens (CSNK1D),23,24,23,24
H. sapiens (CSNK1D),H. sapiens (CSNK1E),23,24,21,22
H. sapiens (CSNK1D),K.africana (KAFR0C02290),23,24,15,11
H. sapiens (CSNK1D),K.africana (KAFR0K00320),23,24,16,10
H. sapiens (CSNK1D),K.naganishii (KNAG0D01130),23,24,17,12
H. sapiens (CSNK1D),K.naganishii (KNAG0F01980),23,24,9,13
H. sapiens (CSNK1D),N.castellii (NCAS0A01090),23,24,18,6
H. sapiens (CSNK1D),N.castellii (NCAS0D03820),23,24,8,7
H. sapiens (CSNK1D),N.dairenensis (NDAI0F01640),23,24,19,8
H. sapiens (CSNK1D),N.dairenensis (NDAI0I01070),23,24,10,9
H. sapiens (CSNK1D),S.bayanusvar.uvarum (Suva_16.102),23,24,1,2
H. sapiens (CSNK1D),S.cerevisiae (YPL204W),23,24,4,1
H. sapiens (CSNK1D),S.kudriavzevii (Skud_16.75),23,24,2,3
H. sapiens (CSNK1D),S.mikatae (Smik_6.409),23,24,3,4
H. sapiens (CSNK1D),T.blattae (TBLA0A02040),23,24,25,18
H. sapiens (CSNK1D),T.blattae (TBLA0B05310),23,24,13,19
H. sapiens (CSNK1D),T.delbrueckii (TDEL0E05230),23,24,6,21
H. sapiens (CSNK1D),T.phaffii (TPHA0E02830),23,24,12,16
H. sapiens (CSNK1D),T.phaffii (TPHA0J02370),23,24,20,17
H. sapiens (CSNK1D),V.polyspora (Kpol_1002.53),23,24,14,14
H. sapiens (CSNK1D),V.polyspora (Kpol_1033.51),23,24,11,15
H. sapiens (CSNK1D),Vehicle (Empty),23,24,26,26
H. sapiens (CSNK1D),Z.rouxii (ZYRO0G08866g),23,24,5,20
H. sapiens (CSNK1E),C.glabrata (CAGL0H03553g),21,22,7,5
H. sapiens (CSNK1E),H. sapiens (CSNK1A1),21,22,22,23
H. sapiens (CSNK1E),H. sapiens (CSNK1A1L),21,22,24,25
H. sapiens (CSNK1E),H. sapiens (CSNK1D),21,22,23,24
H. sapiens (CSNK1E),H. sapiens (CSNK1E),21,22,21,22
H. sapiens (CSNK1E),K.africana (KAFR0C02290),21,22,15,11
H. sapiens (CSNK1E),K.africana (KAFR0K00320),21,22,16,10
H. sapiens (CSNK1E),K.naganishii (KNAG0D01130),21,22,17,12
H. sapiens (CSNK1E),K.naganishii (KNAG0F01980),21,22,9,13
H. sapiens (CSNK1E),N.castellii (NCAS0A01090),21,22,18,6
H. sapiens (CSNK1E),N.castellii (NCAS0D03820),21,22,8,7
H. sapiens (CSNK1E),N.dairenensis (NDAI0F01640),21,22,19,8
H. sapiens (CSNK1E),N.dairenensis (NDAI0I01070),21,22,10,9
H. sapiens (CSNK1E),S.bayanusvar.uvarum (Suva_16.102),21,22,1,2
H. sapiens (CSNK1E),S.cerevisiae (YPL204W),21,22,4,1
H. sapiens (CSNK1E),S.kudriavzevii (Skud_16.75),21,22,2,3
H. sapiens (CSNK1E),S.mikatae (Smik_6.409),21,22,3,4
H. sapiens (CSNK1E),T.blattae (TBLA0A02040),21,22,25,18
H. sapiens (CSNK1E),T.blattae (TBLA0B05310),21,22,13,19
H. sapiens (CSNK1E),T.delbrueckii (TDEL0E05230),21,22,6,21
H. sapiens (CSNK1E),T.phaffii (TPHA0E02830),21,22,12,16
H. sapiens (CSNK1E),T.phaffii (TPHA0J02370),21,22,20,17
H. sapiens (CSNK1E),V.polyspora (Kpol_1002.53),21,22,14,14
H. sapiens (CSNK1E),V.polyspora (Kpol_1033.51),21,22,11,15
H. sapiens (CSNK1E),Vehicle (Empty),21,22,26,26
H. sapiens (CSNK1E),Z.rouxii (ZYRO0G08866g),21,22,5,20
K.africana (KAFR0C02290),C.glabrata (CAGL0H03553g),15,11,7,5
K.africana (KAFR0C02290),H. sapiens (CSNK1A1),15,11,22,23
K.africana (KAFR0C02290),H. sapiens (CSNK1A1L),15,11,24,25
K.africana (KAFR0C02290),H. sapiens (CSNK1D),15,11,23,24
K.africana (KAFR0C02290),H. sapiens (CSNK1E),15,11,21,22
K.africana (KAFR0C02290),K.africana (KAFR0C02290),15,11,15,11
K.africana (KAFR0C02290),K.africana (KAFR0K00320),15,11,16,10
K.africana (KAFR0C02290),K.naganishii (KNAG0D01130),15,11,17,12
K.africana (KAFR0C02290),K.naganishii (KNAG0F01980),15,11,9,13
K.africana (KAFR0C02290),N.castellii (NCAS0A01090),15,11,18,6
K.africana (KAFR0C02290),N.castellii (NCAS0D03820),15,11,8,7
K.africana (KAFR0C02290),N.dairenensis (NDAI0F01640),15,11,19,8
K.africana (KAFR0C02290),N.dairenensis (NDAI0I01070),15,11,10,9
K.africana (KAFR0C02290),S.bayanusvar.uvarum (Suva_16.102),15,11,1,2
K.africana (KAFR0C02290),S.cerevisiae (YPL204W),15,11,4,1
K.africana (KAFR0C02290),S.kudriavzevii (Skud_16.75),15,11,2,3
K.africana (KAFR0C02290),S.mikatae (Smik_6.409),15,11,3,4
K.africana (KAFR0C02290),T.blattae (TBLA0A02040),15,11,25,18
K.africana (KAFR0C02290),T.blattae (TBLA0B05310),15,11,13,19
K.africana (KAFR0C02290),T.delbrueckii (TDEL0E05230),15,11,6,21
K.africana (KAFR0C02290),T.phaffii (TPHA0E02830),15,11,12,16
K.africana (KAFR0C02290),T.phaffii (TPHA0J02370),15,11,20,17
K.africana (KAFR0C02290),V.polyspora (Kpol_1002.53),15,11,14,14
K.africana (KAFR0C02290),V.polyspora (Kpol_1033.51),15,11,11,15
K.africana (KAFR0C02290),Vehicle (Empty),15,11,26,26
K.africana (KAFR0C02290),Z.rouxii (ZYRO0G08866g),15,11,5,20
K.africana (KAFR0K00320),C.glabrata (CAGL0H03553g),16,10,7,5
K.africana (KAFR0K00320),H. sapiens (CSNK1A1),16,10,22,23
K.africana (KAFR0K00320),H. sapiens (CSNK1A1L),16,10,24,25
K.africana (KAFR0K00320),H. sapiens (CSNK1D),16,10,23,24
K.africana (KAFR0K00320),H. sapiens (CSNK1E),16,10,21,22
K.africana (KAFR0K00320),K.africana (KAFR0C02290),16,10,15,11
K.africana (KAFR0K00320),K.africana (KAFR0K00320),16,10,16,10
K.africana (KAFR0K00320),K.naganishii (KNAG0D01130),16,10,17,12
K.africana (KAFR0K00320),K.naganishii (KNAG0F01980),16,10,9,13
K.africana (KAFR0K00320),N.castellii (NCAS0A01090),16,10,18,6
K.africana (KAFR0K00320),N.castellii (NCAS0D03820),16,10,8,7
K.africana (KAFR0K00320),N.dairenensis (NDAI0F01640),16,10,19,8
K.africana (KAFR0K00320),N.dairenensis (NDAI0I01070),16,10,10,9
K.africana (KAFR0K00320),S.bayanusvar.uvarum (Suva_16.102),16,10,1,2
K.africana (KAFR0K00320),S.cerevisiae (YPL204W),16,10,4,1
K.africana (KAFR0K00320),S.kudriavzevii (Skud_16.75),16,10,2,3
K.africana (KAFR0K00320),S.mikatae (Smik_6.409),16,10,3,4
K.africana (KAFR0K00320),T.blattae (TBLA0A02040),16,10,25,18
K.africana (KAFR0K00320),T.blattae (TBLA0B05310),16,10,13,19
K.africana (KAFR0K00320),T.delbrueckii (TDEL0E05230),16,10,6,21
K.africana (KAFR0K00320),T.phaffii (TPHA0E02830),16,10,12,16
K.africana (KAFR0K00320),T.phaffii (TPHA0J02370),16,10,20,17
K.africana (KAFR0K00320),V.polyspora (Kpol_1002.53),16,10,14,14
K.africana (KAFR0K00320),V.polyspora (Kpol_1033.51),16,10,11,15
K.africana (KAFR0K00320),Vehicle (Empty),16,10,26,26
K.africana (KAFR0K00320),Z.rouxii (ZYRO0G08866g),16,10,5,20
K.naganishii (KNAG0D01130),C.glabrata (CAGL0H03553g),17,12,7,5
K.naganishii (KNAG0D01130),H. sapiens (CSNK1A1),17,12,22,23
K.naganishii (KNAG0D01130),H. sapiens (CSNK1A1L),17,12,24,25
K.naganishii (KNAG0D01130),H. sapiens (CSNK1D),17,12,23,24
K.naganishii (KNAG0D01130),H. sapiens (CSNK1E),17,12,21,22
K.naganishii (KNAG0D01130),K.africana (KAFR0C02290),17,12,15,11
K.naganishii (KNAG0D01130),K.africana (KAFR0K00320),17,12,16,10
K.naganishii (KNAG0D01130),K.naganishii (KNAG0D01130),17,12,17,12
K.naganishii (KNAG0D01130),K.naganishii (KNAG0F01980),17,12,9,13
K.naganishii (KNAG0D01130),N.castellii (NCAS0A01090),17,12,18,6
K.naganishii (KNAG0D01130),N.castellii (NCAS0D03820),17,12,8,7
K.naganishii (KNAG0D01130),N.dairenensis (NDAI0F01640),17,12,19,8
K.naganishii (KNAG0D01130),N.dairenensis (NDAI0I01070),17,12,10,9
K.naganishii (KNAG0D01130),S.bayanusvar.uvarum (Suva_16.102),17,12,1,2
K.naganishii (KNAG0D01130),S.cerevisiae (YPL204W),17,12,4,1
K.naganishii (KNAG0D01130),S.kudriavzevii (Skud_16.75),17,12,2,3
K.naganishii (KNAG0D01130),S.mikatae (Smik_6.409),17,12,3,4
K.naganishii (KNAG0D01130),T.blattae (TBLA0A02040),17,12,25,18
K.naganishii (KNAG0D01130),T.blattae (TBLA0B05310),17,12,13,19
K.naganishii (KNAG0D01130),T.delbrueckii (TDEL0E05230),17,12,6,21
K.naganishii (KNAG0D01130),T.phaffii (TPHA0E02830),17,12,12,16
K.naganishii (KNAG0D01130),T.phaffii (TPHA0J02370),17,12,20,17
K.naganishii (KNAG0D01130),V.polyspora (Kpol_1002.53),17,12,14,14
K.naganishii (KNAG0D01130),V.polyspora (Kpol_1033.51),17,12,11,15
K.naganishii (KNAG0D01130),Vehicle (Empty),17,12,26,26
K.naganishii (KNAG0D01130),Z.rouxii (ZYRO0G08866g),17,12,5,20
K.naganishii (KNAG0F01980),C.glabrata (CAGL0H03553g),9,13,7,5
K.naganishii (KNAG0F01980),H. sapiens (CSNK1A1),9,13,22,23
K.naganishii (KNAG0F01980),H. sapiens (CSNK1A1L),9,13,24,25
K.naganishii (KNAG0F01980),H. sapiens (CSNK1D),9,13,23,24
K.naganishii (KNAG0F01980),H. sapiens (CSNK1E),9,13,21,22
K.naganishii (KNAG0F01980),K.africana (KAFR0C02290),9,13,15,11
K.naganishii (KNAG0F01980),K.africana (KAFR0K00320),9,13,16,10
K.naganishii (KNAG0F01980),K.naganishii (KNAG0D01130),9,13,17,12
K.naganishii (KNAG0F01980),K.naganishii (KNAG0F01980),9,13,9,13
K.naganishii (KNAG0F01980),N.castellii (NCAS0A01090),9,13,18,6
K.naganishii (KNAG0F01980),N.castellii (NCAS0D03820),9,13,8,7
K.naganishii (KNAG0F01980),N.dairenensis (NDAI0F01640),9,13,19,8
K.naganishii (KNAG0F01980),N.dairenensis (NDAI0I01070),9,13,10,9
K.naganishii (KNAG0F01980),S.bayanusvar.uvarum (Suva_16.102),9,13,1,2
K.naganishii (KNAG0F01980),S.cerevisiae (YPL204W),9,13,4,1
K.naganishii (KNAG0F01980),S.kudriavzevii (Skud_16.75),9,13,2,3
K.naganishii (KNAG0F01980),S.mikatae (Smik_6.409),9,13,3,4
K.naganishii (KNAG0F01980),T.blattae (TBLA0A02040),9,13,25,18
K.naganishii (KNAG0F01980),T.blattae (TBLA0B05310),9,13,13,19
K.naganishii (KNAG0F01980),T.delbrueckii (TDEL0E05230),9,13,6,21
K.naganishii (KNAG0F01980),T.phaffii (TPHA0E02830),9,13,12,16
K.naganishii (KNAG0F01980),T.phaffii (TPHA0J02370),9,13,20,17
K.naganishii (KNAG0F01980),V.polyspora (Kpol_1002.53),9,13,14,14
K.naganishii (KNAG0F01980),V.polyspora (Kpol_1033.51),9,13,11,15
K.naganishii (KNAG0F01980),Vehicle (Empty),9,13,26,26
K.naganishii (KNAG0F01980),Z.rouxii (ZYRO0G08866g),9,13,5,20
N.castellii (NCAS0A01090),C.glabrata (CAGL0H03553g),18,6,7,5
N.castellii (NCAS0A01090),H. sapiens (CSNK1A1),18,6,22,23
N.castellii (NCAS0A01090),H. sapiens (CSNK1A1L),18,6,24,25
N.castellii (NCAS0A01090),H. sapiens (CSNK1D),18,6,23,24
N.castellii (NCAS0A01090),H. sapiens (CSNK1E),18,6,21,22
N.castellii (NCAS0A01090),K.africana (KAFR0C02290),18,6,15,11
N.castellii (NCAS0A01090),K.africana (KAFR0K00320),18,6,16,10
N.castellii (NCAS0A01090),K.naganishii (KNAG0D01130),18,6,17,12
N.castellii (NCAS0A01090),K.naganishii (KNAG0F01980),18,6,9,13
N.castellii (NCAS0A01090),N.castellii (NCAS0A01090),18,6,18,6
N.castellii (NCAS0A01090),N.castellii (NCAS0D03820),18,6,8,7
N.castellii (NCAS0A01090),N.dairenensis (NDAI0F01640),18,6,19,8
N.castellii (NCAS0A01090),N.dairenensis (NDAI0I01070),18,6,10,9
N.castellii (NCAS0A01090),S.bayanusvar.uvarum (Suva_16.102),18,6,1,2
N.castellii (NCAS0A01090),S.cerevisiae (YPL204W),18,6,4,1
N.castellii (NCAS0A01090),S.kudriavzevii (Skud_16.75),18,6,2,3
N.castellii (NCAS0A01090),S.mikatae (Smik_6.409),18,6,3,4
N.castellii (NCAS0A01090),T.blattae (TBLA0A02040),18,6,25,18
N.castellii (NCAS0A01090),T.blattae (TBLA0B05310),18,6,13,19
N.castellii (NCAS0A01090),T.delbrueckii (TDEL0E05230),18,6,6,21
N.castellii (NCAS0A01090),T.phaffii (TPHA0E02830),18,6,12,16
N.castellii (NCAS0A01090),T.phaffii (TPHA0J02370),18,6,20,17
N.castellii (NCAS0A01090),V.polyspora (Kpol_1002.53),18,6,14,14
N.castellii (NCAS0A01090),V.polyspora (Kpol_1033.51),18,6,11,15
N.castellii (NCAS0A01090),Vehicle (Empty),18,6,26,26
N.castellii (NCAS0A01090),Z.rouxii (ZYRO0G08866g),18,6,5,20
N.castellii (NCAS0D03820),C.glabrata (CAGL0H03553g),8,7,7,5
N.castellii (NCAS0D03820),H. sapiens (CSNK1A1),8,7,22,23
N.castellii (NCAS0D03820),H. sapiens (CSNK1A1L),8,7,24,25
N.castellii (NCAS0D03820),H. sapiens (CSNK1D),8,7,23,24
N.castellii (NCAS0D03820),H. sapiens (CSNK1E),8,7,21,22
N.castellii (NCAS0D03820),K.africana (KAFR0C02290),8,7,15,11
N.castellii (NCAS0D03820),K.africana (KAFR0K00320),8,7,16,10
N.castellii (NCAS0D03820),K.naganishii (KNAG0D01130),8,7,17,12
N.castellii (NCAS0D03820),K.naganishii (KNAG0F01980),8,7,9,13
N.castellii (NCAS0D03820),N.castellii (NCAS0A01090),8,7,18,6
N.castellii (NCAS0D03820),N.castellii (NCAS0D03820),8,7,8,7
N.castellii (NCAS0D03820),N.dairenensis (NDAI0F01640),8,7,19,8
N.castellii (NCAS0D03820),N.dairenensis (NDAI0I01070),8,7,10,9
N.castellii (NCAS0D03820),S.bayanusvar.uvarum (Suva_16.102),8,7,1,2
N.castellii (NCAS0D03820),S.cerevisiae (YPL204W),8,7,4,1
N.castellii (NCAS0D03820),S.kudriavzevii (Skud_16.75),8,7,2,3
N.castellii (NCAS0D03820),S.mikatae (Smik_6.409),8,7,3,4
N.castellii (NCAS0D03820),T.blattae (TBLA0A02040),8,7,25,18
N.castellii (NCAS0D03820),T.blattae (TBLA0B05310),8,7,13,19
N.castellii (NCAS0D03820),T.delbrueckii (TDEL0E05230),8,7,6,21
N.castellii (NCAS0D03820),T.phaffii (TPHA0E02830),8,7,12,16
N.castellii (NCAS0D03820),T.phaffii (TPHA0J02370),8,7,20,17
N.castellii (NCAS0D03820),V.polyspora (Kpol_1002.53),8,7,14,14
N.castellii (NCAS0D03820),V.polyspora (Kpol_1033.51),8,7,11,15
N.castellii (NCAS0D03820),Vehicle (Empty),8,7,26,26
N.castellii (NCAS0D03820),Z.rouxii (ZYRO0G08866g),8,7,5,20
N.dairenensis (NDAI0F01640),C.glabrata (CAGL0H03553g),19,8,7,5
N.dairenensis (NDAI0F01640),H. sapiens (CSNK1A1),19,8,22,23
N.dairenensis (NDAI0F01640),H. sapiens (CSNK1A1L),19,8,24,25
N.dairenensis (NDAI0F01640),H. sapiens (CSNK1D),19,8,23,24
N.dairenensis (NDAI0F01640),H. sapiens (CSNK1E),19,8,21,22
N.dairenensis (NDAI0F01640),K.africana (KAFR0C02290),19,8,15,11
N.dairenensis (NDAI0F01640),K.africana (KAFR0K00320),19,8,16,10
N.dairenensis (NDAI0F01640),K.naganishii (KNAG0D01130),19,8,17,12
N.dairenensis (NDAI0F01640),K.naganishii (KNAG0F01980),19,8,9,13
N.dairenensis (NDAI0F01640),N.castellii (NCAS0A01090),19,8,18,6
N.dairenensis (NDAI0F01640),N.castellii (NCAS0D03820),19,8,8,7
N.dairenensis (NDAI0F01640),N.dairenensis (NDAI0F01640),19,8,19,8
N.dairenensis (NDAI0F01640),N.dairenensis (NDAI0I01070),19,8,10,9
N.dairenensis (NDAI0F01640),S.bayanusvar.uvarum (Suva_16.102),19,8,1,2
N.dairenensis (NDAI0F01640),S.cerevisiae (YPL204W),19,8,4,1
N.dairenensis (NDAI0F01640),S.kudriavzevii (Skud_16.75),19,8,2,3
N.dairenensis (NDAI0F01640),S.mikatae (Smik_6.409),19,8,3,4
N.dairenensis (NDAI0F01640),T.blattae (TBLA0A02040),19,8,25,18
N.dairenensis (NDAI0F01640),T.blattae (TBLA0B05310),19,8,13,19
N.dairenensis (NDAI0F01640),T.delbrueckii (TDEL0E05230),19,8,6,21
N.dairenensis (NDAI0F01640),T.phaffii (TPHA0E02830),19,8,12,16
N.dairenensis (NDAI0F01640),T.phaffii (TPHA0J02370),19,8,20,17
N.dairenensis (NDAI0F01640),V.polyspora (Kpol_1002.53),19,8,14,14
N.dairenensis (NDAI0F01640),V.polyspora (Kpol_1033.51),19,8,11,15
N.dairenensis (NDAI0F01640),Vehicle (Empty),19,8,26,26
N.dairenensis (NDAI0F01640),Z.rouxii (ZYRO0G08866g),19,8,5,20
N.dairenensis (NDAI0I01070),C.glabrata (CAGL0H03553g),10,9,7,5
N.dairenensis (NDAI0I01070),H. sapiens (CSNK1A1),10,9,22,23
N.dairenensis (NDAI0I01070),H. sapiens (CSNK1A1L),10,9,24,25
N.dairenensis (NDAI0I01070),H. sapiens (CSNK1D),10,9,23,24
N.dairenensis (NDAI0I01070),H. sapiens (CSNK1E),10,9,21,22
N.dairenensis (NDAI0I01070),K.africana (KAFR0C02290),10,9,15,11
N.dairenensis (NDAI0I01070),K.africana (KAFR0K00320),10,9,16,10
N.dairenensis (NDAI0I01070),K.naganishii (KNAG0D01130),10,9,17,12
N.dairenensis (NDAI0I01070),K.naganishii (KNAG0F01980),10,9,9,13
N.dairenensis (NDAI0I01070),N.castellii (NCAS0A01090),10,9,18,6
N.dairenensis (NDAI0I01070),N.castellii (NCAS0D03820),10,9,8,7
N.dairenensis (NDAI0I01070),N.dairenensis (NDAI0F01640),10,9,19,8
N.dairenensis (NDAI0I01070),N.dairenensis (NDAI0I01070),10,9,10,9
N.dairenensis (NDAI0I01070),S.bayanusvar.uvarum (Suva_16.102),10,9,1,2
N.dairenensis (NDAI0I01070),S.cerevisiae (YPL204W),10,9,4,1
N.dairenensis (NDAI0I01070),S.kudriavzevii (Skud_16.75),10,9,2,3
N.dairenensis (NDAI0I01070),S.mikatae (Smik_6.409),10,9,3,4
N.dairenensis (NDAI0I01070),T.blattae (TBLA0A02040),10,9,25,18
N.dairenensis (NDAI0I01070),T.blattae (TBLA0B05310),10,9,13,19
N.dairenensis (NDAI0I01070),T.delbrueckii (TDEL0E05230),10,9,6,21
N.dairenensis (NDAI0I01070),T.phaffii (TPHA0E02830),10,9,12,16
N.dairenensis (NDAI0I01070),T.phaffii (TPHA0J02370),10,9,20,17
N.dairenensis (NDAI0I01070),V.polyspora (Kpol_1002.53),10,9,14,14
N.dairenensis (NDAI0I01070),V.polyspora (Kpol_1033.51),10,9,11,15
N.dairenensis (NDAI0I01070),Vehicle (Empty),10,9,26,26
N.dairenensis (NDAI0I01070),Z.rouxii (ZYRO0G08866g),10,9,5,20
S.bayanusvar.uvarum (Suva_16.102),C.glabrata (CAGL0H03553g),1,2,7,5
S.bayanusvar.uvarum (Suva_16.102),H. sapiens (CSNK1A1),1,2,22,23
S.bayanusvar.uvarum (Suva_16.102),H. sapiens (CSNK1A1L),1,2,24,25
S.bayanusvar.uvarum (Suva_16.102),H. sapiens (CSNK1D),1,2,23,24
S.bayanusvar.uvarum (Suva_16.102),H. sapiens (CSNK1E),1,2,21,22
S.bayanusvar.uvarum (Suva_16.102),K.africana (KAFR0C02290),1,2,15,11
S.bayanusvar.uvarum (Suva_16.102),K.africana (KAFR0K00320),1,2,16,10
S.bayanusvar.uvarum (Suva_16.102),K.naganishii (KNAG0D01130),1,2,17,12
S.bayanusvar.uvarum (Suva_16.102),K.naganishii (KNAG0F01980),1,2,9,13
S.bayanusvar.uvarum (Suva_16.102),N.castellii (NCAS0A01090),1,2,18,6
S.bayanusvar.uvarum (Suva_16.102),N.castellii (NCAS0D03820),1,2,8,7
S.bayanusvar.uvarum (Suva_16.102),N.dairenensis (NDAI0F01640),1,2,19,8
S.bayanusvar.uvarum (Suva_16.102),N.dairenensis (NDAI0I01070),1,2,10,9
S.bayanusvar.uvarum (Suva_16.102),S.bayanusvar.uvarum (Suva_16.102),1,2,1,2
S.bayanusvar.uvarum (Suva_16.102),S.cerevisiae (YPL204W),1,2,4,1
S.bayanusvar.uvarum (Suva_16.102),S.kudriavzevii (Skud_16.75),1,2,2,3
S.bayanusvar.uvarum (Suva_16.102),S.mikatae (Smik_6.409),1,2,3,4
S.bayanusvar.uvarum (Suva_16.102),T.blattae (TBLA0A02040),1,2,25,18
S.bayanusvar.uvarum (Suva_16.102),T.blattae (TBLA0B05310),1,2,13,19
S.bayanusvar.uvarum (Suva_16.102),T.delbrueckii (TDEL0E05230),1,2,6,21
S.bayanusvar.uvarum (Suva_16.102),T.phaffii (TPHA0E02830),1,2,12,16
S.bayanusvar.uvarum (Suva_16.102),T.phaffii (TPHA0J02370),1,2,20,17
S.bayanusvar.uvarum (Suva_16.102),V.polyspora (Kpol_1002.53),1,2,14,14
S.bayanusvar.uvarum (Suva_16.102),V.polyspora (Kpol_1033.51),1,2,11,15
S.bayanusvar.uvarum (Suva_16.102),Vehicle (Empty),1,2,26,26
S.bayanusvar.uvarum (Suva_16.102),Z.rouxii (ZYRO0G08866g),1,2,5,20
S.cerevisiae (YPL204W),C.glabrata (CAGL0H03553g),4,1,7,5
S.cerevisiae (YPL204W),H. sapiens (CSNK1A1),4,1,22,23
S.cerevisiae (YPL204W),H. sapiens (CSNK1A1L),4,1,24,25
S.cerevisiae (YPL204W),H. sapiens (CSNK1D),4,1,23,24
S.cerevisiae (YPL204W),H. sapiens (CSNK1E),4,1,21,22
S.cerevisiae (YPL204W),K.africana (KAFR0C02290),4,1,15,11
S.cerevisiae (YPL204W),K.africana (KAFR0K00320),4,1,16,10
S.cerevisiae (YPL204W),K.naganishii (KNAG0D01130),4,1,17,12
S.cerevisiae (YPL204W),K.naganishii (KNAG0F01980),4,1,9,13
S.cerevisiae (YPL204W),N.castellii (NCAS0A01090),4,1,18,6
S.cerevisiae (YPL204W),N.castellii (NCAS0D03820),4,1,8,7
S.cerevisiae (YPL204W),N.dairenensis (NDAI0F01640),4,1,19,8
S.cerevisiae (YPL204W),N.dairenensis (NDAI0I01070),4,1,10,9
S.cerevisiae (YPL204W),S.bayanusvar.uvarum (Suva_16.102),4,1,1,2
S.cerevisiae (YPL204W),S.cerevisiae (YPL204W),4,1,4,1
S.cerevisiae (YPL204W),S.kudriavzevii (Skud_16.75),4,1,2,3
S.cerevisiae (YPL204W),S.mikatae (Smik_6.409),4,1,3,4
S.cerevisiae (YPL204W),T.blattae (TBLA0A02040),4,1,25,18
S.cerevisiae (YPL204W),T.blattae (TBLA0B05310),4,1,13,19
S.cerevisiae (YPL204W),T.delbrueckii (TDEL0E05230),4,1,6,21
S.cerevisiae (YPL204W),T.phaffii (TPHA0E02830),4,1,12,16
S.cerevisiae (YPL204W),T.phaffii (TPHA0J02370),4,1,20,17
S.cerevisiae (YPL204W),V.polyspora (Kpol_1002.53),4,1,14,14
S.cerevisiae (YPL204W),V.polyspora (Kpol_1033.51),4,1,11,15
S.cerevisiae (YPL204W),Vehicle (Empty),4,1,26,26
S.cerevisiae (YPL204W),Z.rouxii (ZYRO0G08866g),4,1,5,20
S.kudriavzevii (Skud_16.75),C.glabrata (CAGL0H03553g),2,3,7,5
S.kudriavzevii (Skud_16.75),H. sapiens (CSNK1A1),2,3,22,23
S.kudriavzevii (Skud_16.75),H. sapiens (CSNK1A1L),2,3,24,25
S.kudriavzevii (Skud_16.75),H. sapiens (CSNK1D),2,3,23,24
S.kudriavzevii (Skud_16.75),H. sapiens (CSNK1E),2,3,21,22
S.kudriavzevii (Skud_16.75),K.africana (KAFR0C02290),2,3,15,11
S.kudriavzevii (Skud_16.75),K.africana (KAFR0K00320),2,3,16,10
S.kudriavzevii (Skud_16.75),K.naganishii (KNAG0D01130),2,3,17,12
S.kudriavzevii (Skud_16.75),K.naganishii (KNAG0F01980),2,3,9,13
S.kudriavzevii (Skud_16.75),N.castellii (NCAS0A01090),2,3,18,6
S.kudriavzevii (Skud_16.75),N.castellii (NCAS0D03820),2,3,8,7
S.kudriavzevii (Skud_16.75),N.dairenensis (NDAI0F01640),2,3,19,8
S.kudriavzevii (Skud_16.75),N.dairenensis (NDAI0I01070),2,3,10,9
S.kudriavzevii (Skud_16.75),S.bayanusvar.uvarum (Suva_16.102),2,3,1,2
S.kudriavzevii (Skud_16.75),S.cerevisiae (YPL204W),2,3,4,1
S.kudriavzevii (Skud_16.75),S.kudriavzevii (Skud_16.75),2,3,2,3
S.kudriavzevii (Skud_16.75),S.mikatae (Smik_6.409),2,3,3,4
S.kudriavzevii (Skud_16.75),T.blattae (TBLA0A02040),2,3,25,18
S.kudriavzevii (Skud_16.75),T.blattae (TBLA0B05310),2,3,13,19
S.kudriavzevii (Skud_16.75),T.delbrueckii (TDEL0E05230),2,3,6,21
S.kudriavzevii (Skud_16.75),T.phaffii (TPHA0E02830),2,3,12,16
S.kudriavzevii (Skud_16.75),T.phaffii (TPHA0J02370),2,3,20,17
S.kudriavzevii (Skud_16.75),V.polyspora (Kpol_1002.53),2,3,14,14
S.kudriavzevii (Skud_16.75),V.polyspora (Kpol_1033.51),2,3,11,15
S.kudriavzevii (Skud_16.75),Vehicle (Empty),2,3,26,26
S.kudriavzevii (Skud_16.75),Z.rouxii (ZYRO0G08866g),2,3,5,20
S.mikatae (Smik_6.409),C.glabrata (CAGL0H03553g),3,4,7,5
S.mikatae (Smik_6.409),H. sapiens (CSNK1A1),3,4,22,23
S.mikatae (Smik_6.409),H. sapiens (CSNK1A1L),3,4,24,25
S.mikatae (Smik_6.409),H. sapiens (CSNK1D),3,4,23,24
S.mikatae (Smik_6.409),H. sapiens (CSNK1E),3,4,21,22
S.mikatae (Smik_6.409),K.africana (KAFR0C02290),3,4,15,11
S.mikatae (Smik_6.409),K.africana (KAFR0K00320),3,4,16,10
S.mikatae (Smik_6.409),K.naganishii (KNAG0D01130),3,4,17,12
S.mikatae (Smik_6.409),K.naganishii (KNAG0F01980),3,4,9,13
S.mikatae (Smik_6.409),N.castellii (NCAS0A01090),3,4,18,6
S.mikatae (Smik_6.409),N.castellii (NCAS0D03820),3,4,8,7
S.mikatae (Smik_6.409),N.dairenensis (NDAI0F01640),3,4,19,8
S.mikatae (Smik_6.409),N.dairenensis (NDAI0I01070),3,4,10,9
S.mikatae (Smik_6.409),S.bayanusvar.uvarum (Suva_16.102),3,4,1,2
S.mikatae (Smik_6.409),S.cerevisiae (YPL204W),3,4,4,1
S.mikatae (Smik_6.409),S.kudriavzevii (Skud_16.75),3,4,2,3
S.mikatae (Smik_6.409),S.mikatae (Smik_6.409),3,4,3,4
S.mikatae (Smik_6.409),T.blattae (TBLA0A02040),3,4,25,18
S.mikatae (Smik_6.409),T.blattae (TBLA0B05310),3,4,13,19
S.mikatae (Smik_6.409),T.delbrueckii (TDEL0E05230),3,4,6,21
S.mikatae (Smik_6.409),T.phaffii (TPHA0E02830),3,4,12,16
S.mikatae (Smik_6.409),T.phaffii (TPHA0J02370),3,4,20,17
S.mikatae (Smik_6.409),V.polyspora (Kpol_1002.53),3,4,14,14
S.mikatae (Smik_6.409),V.polyspora (Kpol_1033.51),3,4,11,15
S.mikatae (Smik_6.409),Vehicle (Empty),3,4,26,26
S.mikatae (Smik_6.409),Z.rouxii (ZYRO0G08866g),3,4,5,20
T.blattae (TBLA0A02040),C.glabrata (CAGL0H03553g),25,18,7,5
T.blattae (TBLA0A02040),H. sapiens (CSNK1A1),25,18,22,23
T.blattae (TBLA0A02040),H. sapiens (CSNK1A1L),25,18,24,25
T.blattae (TBLA0A02040),H. sapiens (CSNK1D),25,18,23,24
T.blattae (TBLA0A02040),H. sapiens (CSNK1E),25,18,21,22
T.blattae (TBLA0A02040),K.africana (KAFR0C02290),25,18,15,11
T.blattae (TBLA0A02040),K.africana (KAFR0K00320),25,18,16,10
T.blattae (TBLA0A02040),K.naganishii (KNAG0D01130),25,18,17,12
T.blattae (TBLA0A02040),K.naganishii (KNAG0F01980),25,18,9,13
T.blattae (TBLA0A02040),N.castellii (NCAS0A01090),25,18,18,6
T.blattae (TBLA0A02040),N.castellii (NCAS0D03820),25,18,8,7
T.blattae (TBLA0A02040),N.dairenensis (NDAI0F01640),25,18,19,8
T.blattae (TBLA0A02040),N.dairenensis (NDAI0I01070),25,18,10,9
T.blattae (TBLA0A02040),S.bayanusvar.uvarum (Suva_16.102),25,18,1,2
T.blattae (TBLA0A02040),S.cerevisiae (YPL204W),25,18,4,1
T.blattae (TBLA0A02040),S.kudriavzevii (Skud_16.75),25,18,2,3
T.blattae (TBLA0A02040),S.mikatae (Smik_6.409),25,18,3,4
T.blattae (TBLA0A02040),T.blattae (TBLA0A02040),25,18,25,18
T.blattae (TBLA0A02040),T.blattae (TBLA0B05310),25,18,13,19
T.blattae (TBLA0A02040),T.delbrueckii (TDEL0E05230),25,18,6,21
T.blattae (TBLA0A02040),T.phaffii (TPHA0E02830),25,18,12,16
T.blattae (TBLA0A02040),T.phaffii (TPHA0J02370),25,18,20,17
T.blattae (TBLA0A02040),V.polyspora (Kpol_1002.53),25,18,14,14
T.blattae (TBLA0A02040),V.polyspora (Kpol_1033.51),25,18,11,15
T.blattae (TBLA0A02040),Vehicle (Empty),25,18,26,26
T.blattae (TBLA0A02040),Z.rouxii (ZYRO0G08866g),25,18,5,20
T.blattae (TBLA0B05310),C.glabrata (CAGL0H03553g),13,19,7,5
T.blattae (TBLA0B05310),H. sapiens (CSNK1A1),13,19,22,23
T.blattae (TBLA0B05310),H. sapiens (CSNK1A1L),13,19,24,25
T.blattae (TBLA0B05310),H. sapiens (CSNK1D),13,19,23,24
T.blattae (TBLA0B05310),H. sapiens (CSNK1E),13,19,21,22
T.blattae (TBLA0B05310),K.africana (KAFR0C02290),13,19,15,11
T.blattae (TBLA0B05310),K.africana (KAFR0K00320),13,19,16,10
T.blattae (TBLA0B05310),K.naganishii (KNAG0D01130),13,19,17,12
T.blattae (TBLA0B05310),K.naganishii (KNAG0F01980),13,19,9,13
T.blattae (TBLA0B05310),N.castellii (NCAS0A01090),13,19,18,6
T.blattae (TBLA0B05310),N.castellii (NCAS0D03820),13,19,8,7
T.blattae (TBLA0B05310),N.dairenensis (NDAI0F01640),13,19,19,8
T.blattae (TBLA0B05310),N.dairenensis (NDAI0I01070),13,19,10,9
T.blattae (TBLA0B05310),S.bayanusvar.uvarum (Suva_16.102),13,19,1,2
T.blattae (TBLA0B05310),S.cerevisiae (YPL204W),13,19,4,1
T.blattae (TBLA0B05310),S.kudriavzevii (Skud_16.75),13,19,2,3
T.blattae (TBLA0B05310),S.mikatae (Smik_6.409),13,19,3,4
T.blattae (TBLA0B05310),T.blattae (TBLA0A02040),13,19,25,18
T.blattae (TBLA0B05310),T.blattae (TBLA0B05310),13,19,13,19
T.blattae (TBLA0B05310),T.delbrueckii (TDEL0E05230),13,19,6,21
T.blattae (TBLA0B05310),T.phaffii (TPHA0E02830),13,19,12,16
T.blattae (TBLA0B05310),T.phaffii (TPHA0J02370),13,19,20,17
T.blattae (TBLA0B05310),V.polyspora (Kpol_1002.53),13,19,14,14
T.blattae (TBLA0B05310),V.polyspora (Kpol_1033.51),13,19,11,15
T.blattae (TBLA0B05310),Vehicle (Empty),13,19,26,26
T.blattae (TBLA0B05310),Z.rouxii (ZYRO0G08866g),13,19,5,20
T.delbrueckii (TDEL0E05230),C.glabrata (CAGL0H03553g),6,21,7,5
T.delbrueckii (TDEL0E05230),H. sapiens (CSNK1A1),6,21,22,23
T.delbrueckii (TDEL0E05230),H. sapiens (CSNK1A1L),6,21,24,25
T.delbrueckii (TDEL0E05230),H. sapiens (CSNK1D),6,21,23,24
T.delbrueckii (TDEL0E05230),H. sapiens (CSNK1E),6,21,21,22
T.delbrueckii (TDEL0E05230),K.africana (KAFR0C02290),6,21,15,11
T.delbrueckii (TDEL0E05230),K.africana (KAFR0K00320),6,21,16,10
T.delbrueckii (TDEL0E05230),K.naganishii (KNAG0D01130),6,21,17,12
T.delbrueckii (TDEL0E05230),K.naganishii (KNAG0F01980),6,21,9,13
T.delbrueckii (TDEL0E05230),N.castellii (NCAS0A01090),6,21,18,6
T.delbrueckii (TDEL0E05230),N.castellii (NCAS0D03820),6,21,8,7
T.delbrueckii (TDEL0E05230),N.dairenensis (NDAI0F01640),6,21,19,8
T.delbrueckii (TDEL0E05230),N.dairenensis (NDAI0I01070),6,21,10,9
T.delbrueckii (TDEL0E05230),S.bayanusvar.uvarum (Suva_16.102),6,21,1,2
T.delbrueckii (TDEL0E05230),S.cerevisiae (YPL204W),6,21,4,1
T.delbrueckii (TDEL0E05230),S.kudriavzevii (Skud_16.75),6,21,2,3
T.delbrueckii (TDEL0E05230),S.mikatae (Smik_6.409),6,21,3,4
T.delbrueckii (TDEL0E05230),T.blattae (TBLA0A02040),6,21,25,18
T.delbrueckii (TDEL0E05230),T.blattae (TBLA0B05310),6,21,13,19
T.delbrueckii (TDEL0E05230),T.delbrueckii (TDEL0E05230),6,21,6,21
T.delbrueckii (TDEL0E05230),T.phaffii (TPHA0E02830),6,21,12,16
T.delbrueckii (TDEL0E05230),T.phaffii (TPHA0J02370),6,21,20,17
T.delbrueckii (TDEL0E05230),V.polyspora (Kpol_1002.53),6,21,14,14
T.delbrueckii (TDEL0E05230),V.polyspora (Kpol_1033.51),6,21,11,15
T.delbrueckii (TDEL0E05230),Vehicle (Empty),6,21,26,26
T.delbrueckii (TDEL0E05230),Z.rouxii (ZYRO0G08866g),6,21,5,20
T.phaffii (TPHA0E02830),C.glabrata (CAGL0H03553g),12,16,7,5
T.phaffii (TPHA0E02830),H. sapiens (CSNK1A1),12,16,22,23
T.phaffii (TPHA0E02830),H. sapiens (CSNK1A1L),12,16,24,25
T.phaffii (TPHA0E02830),H. sapiens (CSNK1D),12,16,23,24
T.phaffii (TPHA0E02830),H. sapiens (CSNK1E),12,16,21,22
T.phaffii (TPHA0E02830),K.africana (KAFR0C02290),12,16,15,11
T.phaffii (TPHA0E02830),K.africana (KAFR0K00320),12,16,16,10
T.phaffii (TPHA0E02830),K.naganishii (KNAG0D01130),12,16,17,12
T.phaffii (TPHA0E02830),K.naganishii (KNAG0F01980),12,16,9,13
T.phaffii (TPHA0E02830),N.castellii (NCAS0A01090),12,16,18,6
T.phaffii (TPHA0E02830),N.castellii (NCAS0D03820),12,16,8,7
T.phaffii (TPHA0E02830),N.dairenensis (NDAI0F01640),12,16,19,8
T.phaffii (TPHA0E02830),N.dairenensis (NDAI0I01070),12,16,10,9
T.phaffii (TPHA0E02830),S.bayanusvar.uvarum (Suva_16.102),12,16,1,2
T.phaffii (TPHA0E02830),S.cerevisiae (YPL204W),12,16,4,1
T.phaffii (TPHA0E02830),S.kudriavzevii (Skud_16.75),12,16,2,3
T.phaffii (TPHA0E02830),S.mikatae (Smik_6.409),12,16,3,4
T.phaffii (TPHA0E02830),T.blattae (TBLA0A02040),12,16,25,18
T.phaffii (TPHA0E02830),T.blattae (TBLA0B05310),12,16,13,19
T.phaffii (TPHA0E02830),T.delbrueckii (TDEL0E05230),12,16,6,21
T.phaffii (TPHA0E02830),T.phaffii (TPHA0E02830),12,16,12,16
T.phaffii (TPHA0E02830),T.phaffii (TPHA0J02370),12,16,20,17
T.phaffii (TPHA0E02830),V.polyspora (Kpol_1002.53),12,16,14,14
T.phaffii (TPHA0E02830),V.polyspora (Kpol_1033.51),12,16,11,15
T.phaffii (TPHA0E02830),Vehicle (Empty),12,16,26,26
T.phaffii (TPHA0E02830),Z.rouxii (ZYRO0G08866g),12,16,5,20
T.phaffii (TPHA0J02370),C.glabrata (CAGL0H03553g),20,17,7,5
T.phaffii (TPHA0J02370),H. sapiens (CSNK1A1),20,17,22,23
T.phaffii (TPHA0J02370),H. sapiens (CSNK1A1L),20,17,24,25
T.phaffii (TPHA0J02370),H. sapiens (CSNK1D),20,17,23,24
T.phaffii (TPHA0J02370),H. sapiens (CSNK1E),20,17,21,22
T.phaffii (TPHA0J02370),K.africana (KAFR0C02290),20,17,15,11
T.phaffii (TPHA0J02370),K.africana (KAFR0K00320),20,17,16,10
T.phaffii (TPHA0J02370),K.naganishii (KNAG0D01130),20,17,17,12
T.phaffii (TPHA0J02370),K.naganishii (KNAG0F01980),20,17,9,13
T.phaffii (TPHA0J02370),N.castellii (NCAS0A01090),20,17,18,6
T.phaffii (TPHA0J02370),N.castellii (NCAS0D03820),20,17,8,7
T.phaffii (TPHA0J02370),N.dairenensis (NDAI0F01640),20,17,19,8
T.phaffii (TPHA0J02370),N.dairenensis (NDAI0I01070),20,17,10,9
T.phaffii (TPHA0J02370),S.bayanusvar.uvarum (Suva_16.102),20,17,1,2
T.phaffii (TPHA0J02370),S.cerevisiae (YPL204W),20,17,4,1
T.phaffii (TPHA0J02370),S.kudriavzevii (Skud_16.75),20,17,2,3
T.phaffii (TPHA0J02370),S.mikatae (Smik_6.409),20,17,3,4
T.phaffii (TPHA0J02370),T.blattae (TBLA0A02040),20,17,25,18
T.phaffii (TPHA0J02370),T.blattae (TBLA0B05310),20,17,13,19
T.phaffii (TPHA0J02370),T.delbrueckii (TDEL0E05230),20,17,6,21
T.phaffii (TPHA0J02370),T.phaffii (TPHA0E02830),20,17,12,16
T.phaffii (TPHA0J02370),T.phaffii (TPHA0J02370),20,17,20,17
T.phaffii (TPHA0J02370),V.polyspora (Kpol_1002.53),20,17,14,14
T.phaffii (TPHA0J02370),V.polyspora (Kpol_1033.51),20,17,11,15
T.phaffii (TPHA0J02370),Vehicle (Empty),20,17,26,26
T.phaffii (TPHA0J02370),Z.rouxii (ZYRO0G08866g),20,17,5,20
V.polyspora (Kpol_1002.53),C.glabrata (CAGL0H03553g),14,14,7,5
V.polyspora (Kpol_1002.53),H. sapiens (CSNK1A1),14,14,22,23
V.polyspora (Kpol_1002.53),H. sapiens (CSNK1A1L),14,14,24,25
V.polyspora (Kpol_1002.53),H. sapiens (CSNK1D),14,14,23,24
V.polyspora (Kpol_1002.53),H. sapiens (CSNK1E),14,14,21,22
V.polyspora (Kpol_1002.53),K.africana (KAFR0C02290),14,14,15,11
V.polyspora (Kpol_1002.53),K.africana (KAFR0K00320),14,14,16,10
V.polyspora (Kpol_1002.53),K.naganishii (KNAG0D01130),14,14,17,12
V.polyspora (Kpol_1002.53),K.naganishii (KNAG0F01980),14,14,9,13
V.polyspora (Kpol_1002.53),N.castellii (NCAS0A01090),14,14,18,6
V.polyspora (Kpol_1002.53),N.castellii (NCAS0D03820),14,14,8,7
V.polyspora (Kpol_1002.53),N.dairenensis (NDAI0F01640),14,14,19,8
V.polyspora (Kpol_1002.53),N.dairenensis (NDAI0I01070),14,14,10,9
V.polyspora (Kpol_1002.53),S.bayanusvar.uvarum (Suva_16.102),14,14,1,2
V.polyspora (Kpol_1002.53),S.cerevisiae (YPL204W),14,14,4,1
V.polyspora (Kpol_1002.53),S.kudriavzevii (Skud_16.75),14,14,2,3
V.polyspora (Kpol_1002.53),S.mikatae (Smik_6.409),14,14,3,4
V.polyspora (Kpol_1002.53),T.blattae (TBLA0A02040),14,14,25,18
V.polyspora (Kpol_1002.53),T.blattae (TBLA0B05310),14,14,13,19
V.polyspora (Kpol_1002.53),T.delbrueckii (TDEL0E05230),14,14,6,21
V.polyspora (Kpol_1002.53),T.phaffii (TPHA0E02830),14,14,12,16
V.polyspora (Kpol_1002.53),T.phaffii (TPHA0J02370),14,14,20,17
V.polyspora (Kpol_1002.53),V.polyspora (Kpol_1002.53),14,14,14,14
V.polyspora (Kpol_1002.53),V.polyspora (Kpol_1033.51),14,14,11,15
V.polyspora (Kpol_1002.53),Vehicle (Empty),14,14,26,26
V.polyspora (Kpol_1002.53),Z.rouxii (ZYRO0G08866g),14,14,5,20
V.polyspora (Kpol_1033.51),C.glabrata (CAGL0H03553g),11,15,7,5
V.polyspora (Kpol_1033.51),H. sapiens (CSNK1A1),11,15,22,23
V.polyspora (Kpol_1033.51),H. sapiens (CSNK1A1L),11,15,24,25
V.polyspora (Kpol_1033.51),H. sapiens (CSNK1D),11,15,23,24
V.polyspora (Kpol_1033.51),H. sapiens (CSNK1E),11,15,21,22
V.polyspora (Kpol_1033.51),K.africana (KAFR0C02290),11,15,15,11
V.polyspora (Kpol_1033.51),K.africana (KAFR0K00320),11,15,16,10
V.polyspora (Kpol_1033.51),K.naganishii (KNAG0D01130),11,15,17,12
V.polyspora (Kpol_1033.51),K.naganishii (KNAG0F01980),11,15,9,13
V.polyspora (Kpol_1033.51),N.castellii (NCAS0A01090),11,15,18,6
V.polyspora (Kpol_1033.51),N.castellii (NCAS0D03820),11,15,8,7
V.polyspora (Kpol_1033.51),N.dairenensis (NDAI0F01640),11,15,19,8
V.polyspora (Kpol_1033.51),N.dairenensis (NDAI0I01070),11,15,10,9
V.polyspora (Kpol_1033.51),S.bayanusvar.uvarum (Suva_16.102),11,15,1,2
V.polyspora (Kpol_1033.51),S.cerevisiae (YPL204W),11,15,4,1
V.polyspora (Kpol_1033.51),S.kudriavzevii (Skud_16.75),11,15,2,3
V.polyspora (Kpol_1033.51),S.mikatae (Smik_6.409),11,15,3,4
V.polyspora (Kpol_1033.51),T.blattae (TBLA0A02040),11,15,25,18
V.polyspora (Kpol_1033.51),T.blattae (TBLA0B05310),11,15,13,19
V.polyspora (Kpol_1033.51),T.delbrueckii (TDEL0E05230),11,15,6,21
V.polyspora (Kpol_1033.51),T.phaffii (TPHA0E02830),11,15,12,16
V.polyspora (Kpol_1033.51),T.phaffii (TPHA0J02370),11,15,20,17
V.polyspora (Kpol_1033.51),V.polyspora (Kpol_1002.53),11,15,14,14
V.polyspora (Kpol_1033.51),V.polyspora (Kpol_1033.51),11,15,11,15
V.polyspora (Kpol_1033.51),Vehicle (Empty),11,15,26,26
V.polyspora (Kpol_1033.51),Z.rouxii (ZYRO0G08866g),11,15,5,20
Vehicle (Empty),C.glabrata (CAGL0H03553g),26,26,7,5
Vehicle (Empty),H. sapiens (CSNK1A1),26,26,22,23
Vehicle (Empty),H. sapiens (CSNK1A1L),26,26,24,25
Vehicle (Empty),H. sapiens (CSNK1D),26,26,23,24
Vehicle (Empty),H. sapiens (CSNK1E),26,26,21,22
Vehicle (Empty),K.africana (KAFR0C02290),26,26,15,11
Vehicle (Empty),K.africana (KAFR0K00320),26,26,16,10
Vehicle (Empty),K.naganishii (KNAG0D01130),26,26,17,12
Vehicle (Empty),K.naganishii (KNAG0F01980),26,26,9,13
Vehicle (Empty),N.castellii (NCAS0A01090),26,26,18,6
Vehicle (Empty),N.castellii (NCAS0D03820),26,26,8,7
Vehicle (Empty),N.dairenensis (NDAI0F01640),26,26,19,8
Vehicle (Empty),N.dairenensis (NDAI0I01070),26,26,10,9
Vehicle (Empty),S.bayanusvar.uvarum (Suva_16.102),26,26,1,2
Vehicle (Empty),S.cerevisiae (YPL204W),26,26,4,1
Vehicle (Empty),S.kudriavzevii (Skud_16.75),26,26,2,3
Vehicle (Empty),S.mikatae (Smik_6.409),26,26,3,4
Vehicle (Empty),T.blattae (TBLA0A02040),26,26,25,18
Vehicle (Empty),T.blattae (TBLA0B05310),26,26,13,19
Vehicle (Empty),T.delbrueckii (TDEL0E05230),26,26,6,21
Vehicle (Empty),T.phaffii (TPHA0E02830),26,26,12,16
Vehicle (Empty),T.phaffii (TPHA0J02370),26,26,20,17
Vehicle (Empty),V.polyspora (Kpol_1002.53),26,26,14,14
Vehicle (Empty),V.polyspora (Kpol_1033.51),26,26,11,15
Vehicle (Empty),Vehicle (Empty),26,26,26,26
Vehicle (Empty),Z.rouxii (ZYRO0G08866g),26,26,5,20
Z.rouxii (ZYRO0G08866g),C.glabrata (CAGL0H03553g),5,20,7,5
Z.rouxii (ZYRO0G08866g),H. sapiens (CSNK1A1),5,20,22,23
Z.rouxii (ZYRO0G08866g),H. sapiens (CSNK1A1L),5,20,24,25
Z.rouxii (ZYRO0G08866g),H. sapiens (CSNK1D),5,20,23,24
Z.rouxii (ZYRO0G08866g),H. sapiens (CSNK1E),5,20,21,22
Z.rouxii (ZYRO0G08866g),K.africana (KAFR0C02290),5,20,15,11
Z.rouxii (ZYRO0G08866g),K.africana (KAFR0K00320),5,20,16,10
Z.rouxii (ZYRO0G08866g),K.naganishii (KNAG0D01130),5,20,17,12
Z.rouxii (ZYRO0G08866g),K.naganishii (KNAG0F01980),5,20,9,13
Z.rouxii (ZYRO0G08866g),N.castellii (NCAS0A01090),5,20,18,6
Z.rouxii (ZYRO0G08866g),N.castellii (NCAS0D03820),5,20,8,7
Z.rouxii (ZYRO0G08866g),N.dairenensis (NDAI0F01640),5,20,19,8
Z.rouxii (ZYRO0G08866g),N.dairenensis (NDAI0I01070),5,20,10,9
Z.rouxii (ZYRO0G08866g),S.bayanusvar.uvarum (Suva_16.102),5,20,1,2
Z.rouxii (ZYRO0G08866g),S.cerevisiae (YPL204W),5,20,4,1
Z.rouxii (ZYRO0G08866g),S.kudriavzevii (Skud_16.75),5,20,2,3
Z.rouxii (ZYRO0G08866g),S.mikatae (Smik_6.409),5,20,3,4
Z.rouxii (ZYRO0G08866g),T.blattae (TBLA0A02040),5,20,25,18
Z.rouxii (ZYRO0G08866g),T.blattae (TBLA0B05310),5,20,13,19
Z.rouxii (ZYRO0G08866g),T.delbrueckii (TDEL0E05230),5,20,6,21
Z.rouxii (ZYRO0G08866g),T.phaffii (TPHA0E02830),5,20,12,16
Z.rouxii (ZYRO0G08866g),T.phaffii (TPHA0J02370),5,20,20,17
Z.rouxii (ZYRO0G08866g),V.polyspora (Kpol_1002.53),5,20,14,14
Z.rouxii (ZYRO0G08866g),V.polyspora (Kpol_1033.51),5,20,11,15
Z.rouxii (ZYRO0G08866g),Vehicle (Empty),5,20,26,26
Z.rouxii (ZYRO0G08866g),Z.rouxii (ZYRO0G08866g),5,20,5,20